buyer,tokenId,prediction
8.02E+47,15455,1.371692657
3.99E+47,4132,1.383562326
3.99E+47,818,1.383562326
4.99E+47,7656,1.383562326
7.72E+47,3833,1.383562326
9.05E+47,14937,1.371692657
9.05E+47,10709,1.427812815
6.53E+47,9731,1.427812815
1.45E+48,4614,1.383562326
9.05E+47,1522,1.383562326
9.05E+47,8822,1.383562326
1.12E+48,7715,1.383562326
9.05E+47,6593,1.383562326
3.65E+47,14479,1.44801724
3.65E+47,18068,1.312566757
4.99E+47,15691,1.371692657
1.46E+48,15526,1.371692657
1.31E+48,4515,1.383562326
9.05E+47,4212,1.383562326
9.05E+47,13546,1.44801724
8.37E+47,2822,1.383562326
6.53E+47,7861,1.383562326
1.45E+48,13353,1.44801724
1.12E+48,6199,1.383562326
9.65E+47,16452,1.371692657
9.05E+47,7287,1.383562326
3.65E+47,16713,1.371692657
8.02E+47,6625,1.383562326
4.84E+47,12740,1.44801724
4.84E+47,16427,1.371692657
3.65E+47,370,1.383562326
3.65E+47,2610,1.383562326
7.72E+47,3976,1.383562326
3.89E+47,1166,1.383562326
1.21E+48,16760,1.406746387
9.01E+47,12624,1.44801724
9.01E+47,11457,1.427812815
1.25E+48,8032,1.383562326
9.05E+47,4969,1.383562326
8.02E+47,15086,1.371692657
6.90E+47,15475,1.371692657
6.90E+47,9273,1.427812815
1.04E+48,16955,1.440748215
1.18E+48,7361,1.383562326
9.05E+47,12895,1.44801724
8.02E+47,15725,1.371692657
3.65E+47,10402,1.427812815
6.90E+47,18393,1.312566757
2.68E+47,13770,1.44801724
1.32E+48,13714,1.44801724
9.65E+47,10673,1.427812815
1.32E+48,1397,1.383562326
1.32E+48,2273,1.383562326
1.32E+48,16223,1.371692657
1.32E+48,16730,1.371692657
1.32E+48,8652,1.383562326
1.32E+48,8038,1.383562326
1.32E+48,2939,1.383562326
1.32E+48,14610,1.371692657
1.20E+48,14667,1.371692657
4.86E+47,4924,1.383562326
6.11E+47,6011,1.383562326
1.23E+48,9046,1.383562326
1.40E+48,10056,1.427812815
4.67E+47,14440,1.44801724
5.96E+47,2549,1.383562326
1.40E+48,9224,1.427812815
7.95E+46,12460,1.44801724
6.31E+47,10811,1.427812815
9.05E+47,10953,1.427812815
3.13E+47,4251,1.383562326
3.89E+47,9232,1.427812815
1.01E+48,9661,1.427812815
7.72E+47,4597,1.383562326
3.89E+47,12863,1.44801724
6.90E+47,64,1.383562326
1.01E+48,9032,1.383562326
1.40E+48,390,1.383562326
1.03E+47,16524,1.371692657
3.34E+47,7076,1.383562326
1.40E+48,5699,1.383562326
9.01E+47,13057,1.44801724
6.90E+47,17798,1.440748215
2.32E+47,5667,1.383562326
1.40E+48,14030,1.44801724
6.31E+47,6374,1.383562326
4.51E+47,13539,1.44801724
4.99E+47,15998,1.371692657
9.65E+47,15081,1.371692657
2.32E+47,5162,1.383562326
2.28E+47,3315,1.383562326
9.01E+47,15303,1.371692657
1.45E+48,6537,1.383562326
6.31E+47,15106,1.371692657
6.90E+47,2663,1.383562326
6.90E+47,7975,1.383562326
6.90E+47,7402,1.383562326
7.39E+47,724,1.383562326
1.45E+48,11808,1.44801724
1.74E+47,151,1.383562326
6.11E+47,13465,1.44801724
1.01E+48,5326,1.383562326
9.01E+47,2412,1.383562326
6.11E+47,17711,1.440748215
6.11E+47,7892,1.383562326
6.31E+47,9897,1.427812815
1.45E+48,1530,1.383562326
6.90E+47,14555,1.371692657
9.22E+47,4455,1.383562326
7.72E+47,4906,1.383562326
6.31E+47,12428,1.44801724
5.03E+47,12325,1.44801724
1.01E+48,17771,1.440748215
5.35E+47,10889,1.427812815
1.14E+47,15742,1.371692657
6.11E+47,16148,1.371692657
1.02E+48,11178,1.427812815
6.92E+46,4898,1.383562326
1.43E+48,1426,1.383562326
6.89E+47,12014,1.44801724
1.36E+48,5172,1.383562326
1.45E+48,7289,1.383562326
1.36E+48,479,1.383562326
1.36E+48,10015,1.427812815
1.36E+48,15416,1.371692657
1.36E+48,3206,1.383562326
1.36E+48,4160,1.383562326
1.36E+48,17625,1.440748215
1.45E+48,5077,1.383562326
9.01E+47,2314,1.383562326
9.05E+47,7459,1.383562326
9.01E+47,2131,1.383562326
5.35E+47,15114,1.371692657
2.41E+47,5441,1.383562326
6.56E+47,3311,1.383562326
6.56E+47,6409,1.383562326
1.37E+48,9324,1.427812815
5.35E+47,18512,1.935465932
6.11E+47,4921,1.383562326
6.31E+47,1992,1.383562326
1.68E+47,11675,1.44801724
3.65E+47,17910,1.440748215
1.68E+47,14586,1.371692657
3.06E+47,10988,1.427812815
1.68E+47,17682,1.440748215
9.26E+47,16532,1.371692657
1.19E+48,6900,1.383562326
7.72E+47,853,1.383562326
1.49E+47,12879,1.44801724
1.49E+47,15933,1.371692657
1.49E+47,15430,1.371692657
1.19E+48,18151,1.312566757
4.51E+47,13139,1.44801724
9.22E+47,11940,1.44801724
5.67E+47,18424,1.312566757
6.11E+47,16598,1.371692657
1.36E+48,10781,1.427812815
5.67E+47,8453,1.383562326
5.67E+47,14582,1.371692657
1.23E+48,17912,1.440748215
5.67E+47,8030,1.383562326
6.11E+47,2136,1.383562326
1.23E+48,2062,1.383562326
6.11E+47,2782,1.383562326
9.26E+47,5959,1.383562326
7.72E+47,16434,1.371692657
9.01E+47,1617,1.383562326
9.01E+47,14447,1.44801724
9.05E+47,18320,1.312566757
9.26E+47,17856,1.440748215
1.40E+48,3055,1.383562326
5.67E+47,7468,1.383562326
5.67E+47,18205,1.312566757
5.67E+47,15036,1.371692657
9.01E+47,12542,1.44801724
4.61E+47,259,1.383562326
5.67E+47,7625,1.383562326
5.35E+47,4501,1.383562326
6.31E+47,15641,1.371692657
4.97E+47,2650,1.383562326
3.16E+47,8217,1.383562326
4.51E+47,14513,1.44801724
1.68E+47,2462,1.383562326
1.68E+47,13280,1.44801724
4.51E+47,6798,1.383562326
1.01E+48,15373,1.371692657
2.68E+47,4775,1.383562326
1.68E+47,4337,1.383562326
1.68E+47,3202,1.383562326
1.45E+48,11029,1.427812815
6.92E+46,17380,1.440748215
1.04E+48,4129,1.383562326
8.02E+47,9474,1.427812815
6.11E+47,8835,1.383562326
6.11E+47,2341,1.383562326
6.31E+47,12516,1.44801724
1.01E+48,13533,1.44801724
7.72E+47,6842,1.383562326
3.16E+47,7556,1.383562326
1.01E+48,8394,1.383562326
7.72E+47,18158,1.312566757
6.89E+47,1938,1.383562326
9.05E+47,4225,1.383562326
1.11E+48,15237,1.371692657
2.32E+47,10539,1.427812815
1.45E+48,6070,1.383562326
2.18E+47,13820,1.44801724
2.18E+47,10305,1.427812815
6.92E+46,14458,1.44801724
2.93E+47,14664,1.371692657
1.68E+47,16959,1.440748215
5.67E+47,3702,1.383562326
5.03E+47,9703,1.427812815
7.72E+47,9946,1.427812815
1.43E+48,5704,1.383562326
1.43E+48,1885,1.383562326
6.75E+47,8481,1.383562326
6.75E+47,5334,1.383562326
1.49E+47,13156,1.44801724
1.49E+47,17596,1.440748215
8.13E+47,17676,1.440748215
5.15E+47,1900,1.383562326
1.68E+47,4219,1.383562326
9.26E+47,8706,1.383562326
7.95E+47,14826,1.371692657
1.68E+47,13826,1.44801724
1.02E+48,8693,1.383562326
1.35E+48,1554,1.383562326
2.32E+47,5789,1.383562326
6.62E+47,17598,1.440748215
6.11E+47,1645,1.383562326
1.23E+48,3372,1.383562326
7.95E+46,11811,1.44801724
4.84E+47,8689,1.383562326
6.69E+47,3947,1.383562326
2.32E+47,13323,1.44801724
5.35E+47,1705,1.383562326
5.35E+47,16225,1.371692657
5.35E+47,3766,1.383562326
4.30E+47,255,1.383562326
5.03E+46,16326,1.371692657
1.21E+48,4713,1.383562326
4.30E+47,10054,1.427812815
4.30E+47,8130,1.383562326
1.21E+48,4560,1.383562326
6.31E+47,13933,1.44801724
6.53E+47,252,1.383562326
5.42E+47,5496,1.383562326
5.42E+47,17279,1.440748215
1.01E+48,4952,1.383562326
4.67E+47,16489,1.371692657
1.68E+47,11929,1.44801724
5.48E+47,1080,1.383562326
1.68E+47,16208,1.371692657
1.08E+48,12706,1.44801724
3.67E+47,1382,1.383562326
3.67E+47,1555,1.383562326
7.95E+46,5894,1.383562326
7.95E+46,167,1.383562326
2.32E+47,6007,1.383562326
7.95E+46,8533,1.383562326
1.45E+48,4942,1.383562326
3.58E+47,1431,1.383562326
6.31E+47,14595,1.371692657
1.06E+48,8323,1.383562326
1.40E+48,9467,1.427812815
3.58E+47,15704,1.371692657
7.72E+47,8948,1.383562326
5.42E+47,16808,1.406746387
6.56E+47,12045,1.44801724
1.45E+48,7247,1.383562326
1.66E+47,14957,1.371692657
1.43E+48,12241,1.44801724
5.35E+47,1472,1.383562326
5.67E+47,11711,1.44801724
6.11E+47,11057,1.427812815
9.05E+47,4739,1.383562326
1.11E+48,17249,1.440748215
1.11E+48,16985,1.440748215
4.62E+47,18018,1.312566757
3.65E+47,6903,1.383562326
3.65E+47,16492,1.371692657
9.05E+47,16580,1.371692657
5.42E+47,16342,1.371692657
7.64E+47,15579,1.371692657
3.34E+47,17684,1.440748215
6.53E+47,6469,1.383562326
3.93E+47,4864,1.383562326
6.31E+47,15721,1.371692657
3.93E+47,18513,1.935465932
9.05E+47,6623,1.383562326
5.67E+47,14,1.177124262
9.01E+47,2072,1.383562326
6.31E+47,3188,1.383562326
5.35E+47,10653,1.427812815
1.02E+48,3464,1.383562326
6.11E+47,9835,1.427812815
6.11E+47,8063,1.383562326
9.05E+47,13451,1.44801724
2.32E+47,1530,1.383562326
9.22E+47,17788,1.440748215
7.64E+46,12114,1.44801724
1.12E+48,11615,1.44801724
1.14E+47,14996,1.371692657
1.14E+47,304,1.383562326
3.58E+47,14477,1.44801724
7.95E+47,4508,1.383562326
5.67E+47,17029,1.440748215
1.49E+47,3841,1.383562326
1.49E+47,9701,1.427812815
1.49E+47,809,1.383562326
1.49E+47,6235,1.383562326
1.49E+47,13401,1.44801724
1.49E+47,4207,1.383562326
1.49E+47,3794,1.383562326
1.49E+47,10155,1.427812815
1.49E+47,1801,1.383562326
9.65E+47,7297,1.383562326
1.19E+48,16359,1.371692657
6.11E+47,16820,1.406746387
5.96E+47,7681,1.383562326
9.05E+47,13882,1.44801724
9.05E+47,6863,1.383562326
9.05E+47,5244,1.383562326
5.96E+47,18404,1.312566757
1.43E+48,9447,1.427812815
6.31E+47,5454,1.383562326
1.08E+48,9636,1.427812815
1.46E+48,442,1.383562326
1.46E+48,47,1.745975614
4.99E+47,13637,1.44801724
1.12E+48,9638,1.427812815
1.45E+48,14783,1.371692657
6.11E+47,8612,1.383562326
5.67E+47,10267,1.427812815
1.34E+48,911,1.383562326
9.26E+47,8248,1.383562326
1.21E+48,10523,1.427812815
5.35E+47,4891,1.383562326
5.35E+47,9782,1.427812815
6.11E+47,6540,1.383562326
9.05E+47,6167,1.383562326
9.05E+47,5050,1.383562326
9.05E+47,17042,1.440748215
5.67E+47,13596,1.44801724
5.67E+47,14473,1.44801724
8.84E+47,12790,1.44801724
5.96E+47,11589,1.44801724
1.19E+48,17548,1.440748215
1.45E+48,6510,1.383562326
9.01E+47,9012,1.383562326
1.08E+48,12971,1.44801724
7.72E+47,470,1.383562326
1.12E+48,3040,1.383562326
1.40E+48,7478,1.383562326
1.40E+48,9227,1.427812815
1.40E+48,13641,1.44801724
1.15E+48,7763,1.383562326
1.15E+48,10354,1.427812815
5.67E+47,7620,1.383562326
1.68E+47,11401,1.427812815
1.04E+48,3829,1.383562326
4.67E+47,9769,1.427812815
4.99E+47,13333,1.44801724
5.67E+47,7006,1.383562326
6.90E+47,9773,1.427812815
4.67E+47,12665,1.44801724
4.61E+47,9586,1.427812815
5.67E+47,3751,1.383562326
1.23E+48,12340,1.44801724
6.31E+47,5864,1.383562326
1.12E+48,3697,1.383562326
1.43E+48,10515,1.427812815
1.37E+48,7130,1.383562326
2.32E+47,7435,1.383562326
1.10E+48,17550,1.440748215
1.10E+48,6578,1.383562326
1.04E+48,8158,1.383562326
1.05E+48,10376,1.427812815
1.40E+48,5002,1.383562326
5.67E+47,1366,1.383562326
1.50E+47,8655,1.383562326
6.31E+47,13967,1.44801724
1.15E+48,6468,1.383562326
5.67E+47,11797,1.44801724
9.10E+47,8533,1.383562326
1.32E+48,6315,1.383562326
6.90E+47,18340,1.312566757
1.10E+48,16151,1.371692657
1.10E+48,6490,1.383562326
1.10E+48,68,1.383562326
8.78E+47,2616,1.383562326
1.19E+48,8275,1.383562326
2.32E+47,10182,1.427812815
8.78E+47,4376,1.383562326
8.78E+47,14216,1.44801724
3.89E+47,11288,1.427812815
5.35E+47,15588,1.371692657
2.32E+47,16107,1.371692657
1.37E+48,14576,1.371692657
1.37E+48,5352,1.383562326
6.90E+47,6537,1.383562326
1.02E+48,1118,1.383562326
5.35E+47,15760,1.371692657
5.35E+47,3066,1.383562326
5.35E+47,2316,1.383562326
5.35E+47,8393,1.383562326
1.34E+48,13385,1.44801724
4.84E+47,6939,1.383562326
3.89E+47,3600,1.383562326
6.31E+47,2946,1.383562326
6.56E+46,8901,1.383562326
6.56E+46,2057,1.383562326
6.56E+46,3698,1.383562326
1.02E+48,5196,1.383562326
3.58E+47,15773,1.371692657
6.31E+47,13931,1.44801724
1.15E+48,16899,1.440748215
9.08E+47,16796,1.406746387
9.08E+47,10232,1.427812815
2.32E+47,11930,1.44801724
1.37E+48,9642,1.427812815
9.38E+47,3286,1.383562326
9.08E+47,3451,1.383562326
1.37E+48,4972,1.383562326
9.08E+47,14197,1.44801724
8.28E+47,363,1.383562326
5.42E+47,16182,1.371692657
5.42E+47,3291,1.383562326
9.26E+47,4085,1.383562326
5.03E+47,5534,1.383562326
9.05E+47,15474,1.371692657
6.31E+47,523,1.383562326
6.31E+47,15380,1.371692657
6.90E+47,12556,1.44801724
2.68E+47,13476,1.44801724
5.96E+47,3470,1.383562326
6.53E+47,5040,1.383562326
2.68E+47,7347,1.383562326
4.99E+47,18273,1.312566757
1.36E+48,12499,1.44801724
5.97E+47,12960,1.44801724
1.36E+48,6672,1.383562326
1.36E+48,2016,1.383562326
1.31E+48,4247,1.383562326
1.36E+48,11386,1.427812815
2.68E+47,11102,1.427812815
1.36E+48,489,1.383562326
4.95E+47,17291,1.440748215
1.04E+48,11069,1.427812815
6.31E+47,9039,1.383562326
6.56E+46,13524,1.44801724
1.66E+47,18092,1.312566757
6.31E+47,18364,1.312566757
3.58E+47,12201,1.44801724
3.65E+47,9619,1.427812815
4.67E+47,12984,1.44801724
1.37E+48,1735,1.383562326
5.46E+47,3741,1.383562326
6.31E+47,15181,1.371692657
5.46E+47,10314,1.427812815
1.01E+48,3918,1.383562326
1.06E+48,4505,1.383562326
7.57E+47,10880,1.427812815
9.08E+47,15236,1.371692657
7.14E+47,11560,1.44801724
7.14E+47,14316,1.44801724
7.14E+47,15490,1.371692657
9.69E+47,10568,1.427812815
1.40E+48,18069,1.312566757
6.75E+47,2046,1.383562326
7.85E+47,9146,1.427812815
1.36E+48,5335,1.383562326
6.31E+47,5669,1.383562326
9.65E+47,11532,1.44801724
1.40E+48,10437,1.427812815
1.27E+48,4346,1.383562326
7.95E+47,9882,1.427812815
7.14E+47,14386,1.44801724
7.95E+47,18013,1.312566757
9.26E+47,16592,1.371692657
3.89E+47,197,1.383562326
1.34E+48,1430,1.383562326
1.36E+48,716,1.383562326
6.11E+47,2423,1.383562326
6.11E+47,9141,1.427812815
9.65E+47,8401,1.383562326
9.65E+47,11278,1.427812815
6.31E+47,16132,1.371692657
1.08E+47,8353,1.383562326
9.01E+47,14927,1.371692657
9.05E+47,3165,1.383562326
5.15E+47,17323,1.440748215
9.08E+47,4589,1.383562326
4.63E+47,4350,1.383562326
4.67E+47,1834,1.383562326
9.01E+47,7561,1.383562326
9.08E+47,16565,1.371692657
9.01E+47,15005,1.371692657
9.20E+47,4647,1.383562326
1.10E+48,17028,1.440748215
7.14E+47,11055,1.427812815
7.14E+47,7925,1.383562326
7.14E+47,6368,1.383562326
7.14E+47,4362,1.383562326
7.14E+47,14420,1.44801724
7.98E+47,14208,1.44801724
9.32E+47,11759,1.44801724
4.84E+47,2629,1.383562326
3.89E+47,17282,1.440748215
1.04E+48,11384,1.427812815
2.18E+47,15484,1.371692657
1.31E+48,11520,1.44801724
1.68E+47,12854,1.44801724
1.14E+47,6115,1.383562326
3.85E+47,864,1.383562326
4.61E+47,2690,1.383562326
6.11E+47,2647,1.383562326
7.98E+47,15065,1.371692657
2.68E+47,13035,1.44801724
6.62E+47,11814,1.44801724
5.42E+47,2990,1.383562326
2.85E+47,15571,1.371692657
4.61E+47,13001,1.44801724
4.61E+47,15677,1.371692657
4.67E+47,16897,1.440748215
1.08E+47,2393,1.383562326
4.61E+47,4641,1.383562326
1.08E+47,6012,1.383562326
1.34E+48,12229,1.44801724
1.02E+48,17801,1.440748215
2.32E+47,13166,1.44801724
1.23E+48,4503,1.383562326
1.31E+48,187,1.383562326
9.08E+47,15637,1.371692657
1.14E+47,8651,1.383562326
7.85E+47,16003,1.371692657
9.08E+47,9831,1.427812815
2.68E+47,15004,1.371692657
9.05E+47,11237,1.427812815
9.05E+47,4081,1.383562326
2.68E+47,15943,1.371692657
1.36E+48,8940,1.383562326
9.01E+47,5531,1.383562326
9.65E+47,2696,1.383562326
1.32E+48,12977,1.44801724
2.68E+47,8799,1.383562326
1.08E+47,1408,1.383562326
5.15E+47,15766,1.371692657
8.78E+47,3114,1.383562326
5.42E+47,1052,1.383562326
5.42E+47,17591,1.440748215
1.01E+48,3624,1.383562326
6.75E+47,873,1.383562326
6.31E+47,7011,1.383562326
4.61E+47,15035,1.371692657
6.75E+47,13600,1.44801724
1.12E+48,17767,1.440748215
9.01E+47,13334,1.44801724
2.18E+47,7002,1.383562326
5.35E+47,10766,1.427812815
5.35E+47,3283,1.383562326
8.68E+47,2874,1.383562326
8.78E+47,18481,1.312566757
4.67E+47,6203,1.383562326
5.35E+47,10627,1.427812815
5.35E+47,17997,1.312566757
9.08E+47,2200,1.383562326
5.35E+47,12833,1.44801724
1.36E+48,2289,1.383562326
6.75E+47,14224,1.44801724
1.31E+48,8426,1.383562326
8.84E+47,17564,1.440748215
1.68E+47,6361,1.383562326
6.56E+47,7027,1.383562326
4.67E+47,6274,1.383562326
8.84E+47,4723,1.383562326
1.40E+48,16513,1.371692657
5.45E+47,10475,1.427812815
6.75E+47,13103,1.44801724
9.01E+47,3567,1.383562326
1.45E+48,11762,1.44801724
1.36E+48,4236,1.383562326
4.67E+47,14418,1.44801724
4.67E+47,5122,1.383562326
4.67E+47,16650,1.371692657
1.45E+48,13208,1.44801724
1.45E+48,14269,1.44801724
2.68E+47,1220,1.383562326
2.32E+47,45,1.745975614
1.45E+48,15197,1.371692657
4.97E+47,7162,1.383562326
1.30E+48,18323,1.312566757
9.08E+47,5565,1.383562326
9.65E+47,17271,1.440748215
6.75E+47,17343,1.440748215
3.58E+47,5110,1.383562326
4.67E+47,11791,1.44801724
9.65E+47,3992,1.383562326
1.19E+48,5934,1.383562326
1.43E+48,18256,1.312566757
8.78E+47,7104,1.383562326
8.78E+47,7543,1.383562326
8.78E+47,12386,1.44801724
3.65E+47,6668,1.383562326
1.10E+48,9877,1.427812815
4.97E+47,8804,1.383562326
9.26E+47,5480,1.383562326
6.75E+47,12900,1.44801724
4.97E+47,13623,1.44801724
5.35E+47,13561,1.44801724
6.65E+47,5777,1.383562326
1.23E+48,18406,1.312566757
7.14E+47,10385,1.427812815
1.32E+48,3423,1.383562326
3.37E+47,3406,1.383562326
4.67E+47,14397,1.44801724
3.37E+47,18420,1.312566757
9.08E+47,9393,1.427812815
1.37E+48,9875,1.427812815
8.78E+47,7216,1.383562326
8.78E+47,2082,1.383562326
8.78E+47,9867,1.427812815
9.01E+47,15341,1.371692657
1.32E+48,8607,1.383562326
7.95E+47,17175,1.440748215
5.35E+47,12722,1.44801724
5.35E+47,16783,1.406746387
7.14E+47,14749,1.371692657
5.35E+47,2845,1.383562326
9.08E+47,10846,1.427812815
9.08E+47,1931,1.383562326
9.08E+47,1219,1.383562326
1.40E+48,2930,1.383562326
1.06E+48,6089,1.383562326
2.68E+47,12744,1.44801724
2.32E+47,17940,1.440748215
9.68E+47,16607,1.371692657
5.35E+47,12742,1.44801724
2.94E+47,17208,1.440748215
5.35E+47,3772,1.383562326
4.61E+47,7376,1.383562326
5.15E+47,15158,1.371692657
2.34E+47,14196,1.44801724
2.34E+47,17543,1.440748215
5.35E+47,2719,1.383562326
2.68E+47,4591,1.383562326
1.20E+48,7479,1.383562326
2.06E+47,17428,1.440748215
9.08E+47,4816,1.383562326
6.62E+47,6834,1.383562326
2.18E+47,3388,1.383562326
4.10E+47,11422,1.427812815
6.31E+47,17354,1.440748215
1.40E+48,14337,1.44801724
1.68E+47,8770,1.383562326
7.85E+47,14739,1.371692657
2.94E+47,17443,1.440748215
5.35E+47,8092,1.383562326
6.24E+47,5666,1.383562326
9.65E+47,4710,1.383562326
9.05E+47,9381,1.427812815
5.96E+47,12185,1.44801724
5.42E+47,17622,1.440748215
6.90E+47,4123,1.383562326
7.14E+47,8073,1.383562326
6.75E+47,15701,1.371692657
6.34E+47,5452,1.383562326
7.14E+47,5255,1.383562326
7.14E+47,10448,1.427812815
9.08E+47,16332,1.371692657
9.05E+47,16036,1.371692657
9.70E+47,2495,1.383562326
9.08E+47,12527,1.44801724
5.35E+47,14804,1.371692657
4.67E+47,17944,1.312566757
6.31E+47,8546,1.383562326
1.08E+47,1027,1.383562326
9.32E+47,16257,1.371692657
1.40E+48,10938,1.427812815
1.45E+48,3221,1.383562326
6.65E+47,17079,1.440748215
3.89E+47,9326,1.427812815
5.42E+47,5403,1.383562326
1.31E+48,11815,1.44801724
4.61E+47,16293,1.371692657
1.01E+48,18197,1.312566757
1.01E+48,2194,1.383562326
1.01E+48,3321,1.383562326
1.10E+48,17480,1.440748215
1.34E+48,13,1.177124262
2.68E+47,15598,1.371692657
1.34E+48,14135,1.44801724
1.34E+48,8992,1.383562326
7.05E+47,2521,1.383562326
1.11E+48,7034,1.383562326
1.06E+48,9462,1.427812815
1.32E+48,27,1.745975614
1.08E+48,14267,1.44801724
1.40E+47,15322,1.371692657
9.08E+47,17387,1.440748215
9.08E+47,12247,1.44801724
1.40E+48,12434,1.44801724
6.53E+47,5145,1.383562326
9.26E+47,7043,1.383562326
1.50E+47,12157,1.44801724
5.15E+47,18438,1.312566757
1.34E+48,7931,1.383562326
6.65E+47,10299,1.427812815
1.14E+47,1816,1.383562326
5.96E+47,3889,1.383562326
1.72E+47,16842,1.406746387
9.10E+47,7512,1.383562326
8.78E+47,14138,1.44801724
5.35E+47,2962,1.383562326
5.35E+47,6058,1.383562326
5.35E+47,13255,1.44801724
1.02E+48,13773,1.44801724
6.65E+47,7914,1.383562326
9.08E+47,10733,1.427812815
6.31E+47,5673,1.383562326
5.96E+47,16078,1.371692657
6.65E+47,11272,1.427812815
5.15E+47,12597,1.44801724
9.10E+47,13956,1.44801724
6.62E+47,14283,1.44801724
9.08E+47,10332,1.427812815
7.14E+47,12694,1.44801724
9.08E+47,3739,1.383562326
1.01E+48,834,1.383562326
1.45E+48,4770,1.383562326
6.53E+47,14269,1.44801724
9.40E+47,14839,1.371692657
9.08E+47,17342,1.440748215
1.50E+47,3128,1.383562326
7.64E+46,10409,1.427812815
7.14E+47,14934,1.371692657
5.35E+47,14617,1.371692657
7.05E+47,14027,1.44801724
5.56E+47,800,1.383562326
5.56E+47,17147,1.440748215
5.56E+47,17235,1.440748215
7.95E+46,2033,1.383562326
9.08E+47,14345,1.44801724
9.08E+47,737,1.383562326
6.90E+47,4585,1.383562326
9.08E+47,5481,1.383562326
4.67E+47,7211,1.383562326
3.65E+47,12840,1.44801724
5.23E+47,16864,1.406746387
3.67E+47,13548,1.44801724
6.62E+47,4356,1.383562326
3.67E+47,18299,1.312566757
4.67E+47,14493,1.44801724
6.11E+47,12129,1.44801724
8.76E+47,7791,1.383562326
4.67E+47,1251,1.383562326
9.08E+47,3743,1.383562326
9.08E+47,11171,1.427812815
6.19E+47,8335,1.383562326
8.78E+47,6351,1.383562326
8.78E+47,13899,1.44801724
8.78E+47,4074,1.383562326
7.77E+47,2313,1.383562326
9.08E+47,4146,1.383562326
1.66E+47,4701,1.383562326
1.66E+47,8291,1.383562326
4.67E+47,6541,1.383562326
5.55E+47,5525,1.383562326
1.45E+48,1906,1.383562326
1.43E+48,16405,1.371692657
1.25E+48,12539,1.44801724
6.19E+47,14923,1.371692657
5.35E+47,4493,1.383562326
6.92E+47,6966,1.383562326
3.58E+47,3977,1.383562326
1.40E+48,15285,1.371692657
5.93E+47,9192,1.427812815
1.43E+48,14680,1.371692657
1.14E+47,11500,1.44801724
5.35E+47,4402,1.383562326
6.81E+47,14832,1.371692657
6.81E+47,17812,1.440748215
9.08E+47,3129,1.383562326
3.65E+47,8569,1.383562326
6.75E+47,10259,1.427812815
6.90E+47,9427,1.427812815
9.08E+47,7179,1.383562326
5.35E+47,11145,1.427812815
5.35E+47,5041,1.383562326
1.04E+48,15015,1.371692657
1.02E+48,4562,1.383562326
1.08E+48,17793,1.440748215
1.03E+47,14894,1.371692657
1.40E+48,8792,1.383562326
9.08E+47,13787,1.44801724
9.08E+47,1769,1.383562326
3.58E+47,6548,1.383562326
5.15E+47,897,1.383562326
9.26E+47,11807,1.44801724
1.72E+47,8216,1.383562326
1.30E+48,14627,1.371692657
4.61E+47,924,1.383562326
1.01E+48,10587,1.427812815
1.19E+48,5990,1.383562326
2.85E+47,5591,1.383562326
2.85E+47,8617,1.383562326
1.72E+47,13372,1.44801724
1.72E+47,10530,1.427812815
1.72E+47,545,1.383562326
4.10E+47,14269,1.44801724
6.81E+47,10574,1.427812815
1.08E+48,5877,1.383562326
1.40E+48,4752,1.383562326
1.40E+48,17563,1.440748215
9.08E+47,762,1.383562326
9.65E+47,5211,1.383562326
3.06E+47,9759,1.427812815
5.46E+47,6979,1.383562326
1.14E+47,16769,1.406746387
9.08E+47,13013,1.44801724
8.78E+47,5127,1.383562326
6.53E+47,9855,1.427812815
8.78E+47,8661,1.383562326
6.53E+47,16194,1.371692657
1.72E+47,3546,1.383562326
6.31E+47,12025,1.44801724
4.86E+47,2510,1.383562326
6.75E+47,4206,1.383562326
5.35E+47,7464,1.383562326
1.01E+48,8386,1.383562326
8.63E+47,9687,1.427812815
5.46E+47,10682,1.427812815
1.40E+48,16272,1.371692657
1.40E+48,9071,1.383562326
9.26E+47,16181,1.371692657
8.78E+47,14577,1.371692657
8.78E+47,2103,1.383562326
2.08E+47,6878,1.383562326
1.01E+48,11850,1.44801724
9.01E+47,2681,1.383562326
1.72E+47,15996,1.371692657
4.95E+47,14175,1.44801724
3.65E+47,12821,1.44801724
1.74E+47,9793,1.427812815
1.01E+48,11951,1.44801724
1.11E+48,12512,1.44801724
2.06E+47,14742,1.371692657
8.78E+47,1007,1.383562326
8.78E+47,12036,1.44801724
8.78E+47,295,1.383562326
8.78E+47,7091,1.383562326
8.78E+47,12659,1.44801724
9.08E+47,12536,1.44801724
8.78E+47,5499,1.383562326
8.78E+47,7960,1.383562326
8.78E+47,4411,1.383562326
8.78E+47,1229,1.383562326
8.78E+47,13389,1.44801724
6.92E+47,7675,1.383562326
8.78E+47,18,1.177124262
1.02E+48,9139,1.427812815
4.99E+47,17098,1.440748215
9.08E+47,8117,1.383562326
1.40E+48,9985,1.427812815
7.14E+47,9681,1.427812815
5.35E+47,2822,1.383562326
2.32E+47,11739,1.44801724
8.78E+47,8790,1.383562326
9.26E+47,3762,1.383562326
8.78E+47,9817,1.427812815
1.02E+46,10220,1.427812815
5.35E+47,9940,1.427812815
1.40E+48,62,1.383562326
8.78E+47,1255,1.383562326
8.78E+47,2063,1.383562326
6.53E+47,10787,1.427812815
7.95E+46,1362,1.383562326
2.68E+47,713,1.383562326
2.06E+47,12241,1.44801724
6.53E+47,13882,1.44801724
3.65E+47,8374,1.383562326
2.32E+47,8040,1.383562326
7.95E+46,1894,1.383562326
1.31E+48,11075,1.427812815
1.31E+48,14024,1.44801724
9.22E+47,10111,1.427812815
6.75E+47,13173,1.44801724
1.02E+48,16308,1.371692657
6.90E+47,896,1.383562326
8.78E+47,2762,1.383562326
8.78E+47,10048,1.427812815
9.40E+47,4640,1.383562326
4.95E+47,2653,1.383562326
1.29E+48,12608,1.44801724
9.08E+47,16496,1.371692657
4.30E+47,4871,1.383562326
1.02E+48,923,1.383562326
1.02E+48,5803,1.383562326
3.65E+47,12895,1.44801724
9.32E+47,418,1.383562326
6.92E+47,16519,1.371692657
1.36E+48,6113,1.383562326
1.08E+48,6320,1.383562326
7.83E+47,5382,1.383562326
7.83E+47,2140,1.383562326
1.31E+48,13161,1.44801724
1.31E+48,7080,1.383562326
9.32E+47,15117,1.371692657
9.32E+47,9278,1.427812815
9.32E+47,15994,1.371692657
9.32E+47,9765,1.427812815
9.32E+47,9997,1.427812815
5.42E+47,17519,1.440748215
1.36E+48,2427,1.383562326
9.05E+47,17587,1.440748215
9.69E+47,1067,1.383562326
9.69E+47,15318,1.371692657
9.69E+47,7270,1.383562326
9.32E+47,9216,1.427812815
9.69E+47,7935,1.383562326
8.13E+47,10524,1.427812815
3.67E+47,14177,1.44801724
9.32E+47,6261,1.383562326
1.40E+48,5065,1.383562326
7.14E+47,10792,1.427812815
7.83E+47,17341,1.440748215
7.83E+47,9942,1.427812815
5.35E+47,7904,1.383562326
8.76E+47,1584,1.383562326
2.06E+47,14751,1.371692657
5.35E+47,16204,1.371692657
3.65E+47,6715,1.383562326
1.30E+48,8680,1.383562326
9.32E+47,3415,1.383562326
9.32E+47,1521,1.383562326
2.06E+47,252,1.383562326
1.25E+48,5745,1.383562326
2.79E+47,5658,1.383562326
8.78E+47,10504,1.427812815
8.78E+47,9342,1.427812815
8.78E+47,1224,1.383562326
8.78E+47,18191,1.312566757
8.78E+47,6331,1.383562326
3.65E+47,1418,1.383562326
9.32E+47,13199,1.44801724
5.35E+47,17690,1.440748215
4.13E+47,15850,1.371692657
9.32E+47,15610,1.371692657
5.96E+47,7559,1.383562326
6.90E+47,15740,1.371692657
9.08E+47,4469,1.383562326
6.75E+47,13299,1.44801724
6.53E+47,11664,1.44801724
6.53E+47,15508,1.371692657
6.81E+47,544,1.383562326
6.24E+47,14869,1.371692657
3.65E+47,14067,1.44801724
9.08E+47,4077,1.383562326
1.32E+48,1426,1.383562326
5.23E+47,6420,1.383562326
9.32E+47,13354,1.44801724
1.14E+47,17493,1.440748215
5.23E+47,15875,1.371692657
9.08E+47,8202,1.383562326
4.61E+47,7956,1.383562326
1.72E+47,2851,1.383562326
9.08E+47,1526,1.383562326
1.10E+48,13862,1.44801724
9.26E+47,17118,1.440748215
1.08E+48,5488,1.383562326
1.04E+48,13769,1.44801724
5.03E+46,8736,1.383562326
6.75E+47,12022,1.44801724
9.26E+47,2191,1.383562326
9.26E+47,5574,1.383562326
3.65E+47,1249,1.383562326
1.72E+47,779,1.383562326
1.72E+47,4037,1.383562326
3.13E+47,13002,1.44801724
5.42E+47,17167,1.440748215
4.86E+47,10927,1.427812815
1.31E+48,5429,1.383562326
1.40E+48,17233,1.440748215
1.06E+48,7351,1.383562326
6.92E+47,2536,1.383562326
1.10E+48,2202,1.383562326
1.37E+48,10514,1.427812815
2.32E+47,9049,1.383562326
7.83E+47,137,1.383562326
9.26E+47,17072,1.440748215
6.92E+47,10486,1.427812815
1.30E+48,7341,1.383562326
7.64E+47,388,1.383562326
1.23E+48,10273,1.427812815
1.37E+48,379,1.383562326
1.37E+48,12702,1.44801724
6.31E+47,15775,1.371692657
6.31E+47,10103,1.427812815
2.79E+47,4444,1.383562326
9.32E+47,13204,1.44801724
2.32E+47,12410,1.44801724
9.32E+47,1973,1.383562326
5.35E+47,9590,1.427812815
4.74E+47,5779,1.383562326
3.65E+47,4404,1.383562326
1.72E+47,1583,1.383562326
1.04E+48,11328,1.427812815
1.15E+48,10856,1.427812815
5.35E+47,828,1.383562326
7.14E+47,13669,1.44801724
9.32E+47,14860,1.371692657
9.32E+47,15985,1.371692657
7.14E+47,7199,1.383562326
1.45E+48,12806,1.44801724
7.14E+47,17855,1.440748215
7.14E+47,1172,1.383562326
6.31E+47,11816,1.44801724
9.32E+47,16993,1.440748215
1.32E+48,5510,1.383562326
3.65E+47,617,1.383562326
1.18E+48,7119,1.383562326
8.78E+47,7004,1.383562326
1.40E+48,13160,1.44801724
1.31E+48,17243,1.440748215
9.32E+47,16453,1.371692657
6.90E+47,5004,1.383562326
6.92E+47,18321,1.312566757
9.05E+47,15123,1.371692657
1.02E+48,3527,1.383562326
8.78E+47,2010,1.383562326
1.32E+48,17340,1.440748215
2.94E+47,12488,1.44801724
9.32E+47,18053,1.312566757
9.32E+47,1955,1.383562326
9.32E+47,14677,1.371692657
9.32E+47,7298,1.383562326
9.32E+47,7915,1.383562326
2.08E+47,4340,1.383562326
9.08E+47,8133,1.383562326
9.32E+47,17023,1.440748215
4.67E+47,8086,1.383562326
2.08E+47,10235,1.427812815
2.08E+47,8759,1.383562326
2.08E+47,6636,1.383562326
7.14E+47,16402,1.371692657
1.36E+48,2609,1.383562326
9.69E+47,14423,1.44801724
9.05E+47,5999,1.383562326
9.08E+47,10578,1.427812815
7.98E+47,5919,1.383562326
6.90E+47,1869,1.383562326
9.26E+47,15741,1.371692657
1.32E+48,3505,1.383562326
3.58E+47,12705,1.44801724
9.32E+47,13116,1.44801724
3.65E+47,16525,1.371692657
2.06E+47,9334,1.427812815
6.90E+47,12183,1.44801724
7.95E+46,14721,1.371692657
1.40E+48,4490,1.383562326
1.06E+48,10482,1.427812815
9.32E+47,5213,1.383562326
5.35E+47,14762,1.371692657
9.32E+47,14415,1.44801724
9.32E+47,16007,1.371692657
5.35E+47,10918,1.427812815
8.78E+47,4751,1.383562326
8.13E+47,1701,1.383562326
9.08E+47,8198,1.383562326
8.78E+47,15510,1.371692657
8.78E+47,15810,1.371692657
8.78E+47,16439,1.371692657
6.75E+47,7565,1.383562326
6.31E+47,5781,1.383562326
9.08E+47,2808,1.383562326
9.32E+47,6447,1.383562326
9.32E+47,6530,1.383562326
1.66E+47,1316,1.383562326
1.31E+48,5568,1.383562326
5.93E+47,5117,1.383562326
2.06E+47,10248,1.427812815
7.85E+47,9195,1.427812815
1.15E+47,2785,1.383562326
8.78E+47,15581,1.371692657
4.30E+47,6314,1.383562326
7.85E+47,16896,1.440748215
3.89E+47,14294,1.44801724
5.35E+47,8273,1.383562326
8.78E+47,6056,1.383562326
4.53E+47,7348,1.383562326
1.36E+48,9821,1.427812815
1.15E+48,13423,1.44801724
1.15E+48,11017,1.427812815
1.02E+46,16633,1.371692657
9.08E+47,10773,1.427812815
1.21E+48,3061,1.383562326
8.78E+47,13612,1.44801724
8.78E+47,10944,1.427812815
8.78E+47,9412,1.427812815
8.78E+47,17844,1.440748215
9.05E+47,6336,1.383562326
1.26E+48,5743,1.383562326
9.70E+47,17582,1.440748215
8.78E+47,16001,1.371692657
8.78E+47,4542,1.383562326
8.78E+47,3237,1.383562326
9.45E+47,7433,1.383562326
7.77E+47,9031,1.383562326
1.15E+48,3209,1.383562326
1.15E+48,3083,1.383562326
9.45E+47,14942,1.371692657
9.05E+47,17218,1.440748215
6.31E+47,5033,1.383562326
1.66E+47,2657,1.383562326
9.05E+47,11298,1.427812815
9.05E+47,10380,1.427812815
8.84E+47,4331,1.383562326
5.35E+47,3024,1.383562326
5.35E+47,18217,1.312566757
5.35E+47,7090,1.383562326
2.06E+47,1154,1.383562326
3.37E+47,5730,1.383562326
1.06E+48,6188,1.383562326
8.78E+47,17448,1.440748215
8.78E+47,13332,1.44801724
8.68E+47,535,1.383562326
1.34E+48,2428,1.383562326
1.02E+48,12501,1.44801724
9.32E+47,1406,1.383562326
8.78E+47,748,1.383562326
3.43E+47,1235,1.383562326
2.32E+47,5078,1.383562326
6.90E+47,5620,1.383562326
8.78E+47,15381,1.371692657
1.15E+48,5489,1.383562326
5.96E+47,18451,1.312566757
6.90E+47,3485,1.383562326
2.94E+47,6679,1.383562326
7.95E+46,15687,1.371692657
8.78E+47,5567,1.383562326
5.35E+47,11569,1.44801724
3.61E+47,5450,1.383562326
7.14E+47,4868,1.383562326
6.53E+47,16266,1.371692657
1.32E+48,3272,1.383562326
6.31E+47,11606,1.44801724
1.36E+48,1976,1.383562326
1.36E+48,17041,1.440748215
7.96E+47,3272,1.383562326
3.65E+47,15771,1.371692657
8.78E+47,11431,1.427812815
9.05E+47,8767,1.383562326
9.05E+47,4062,1.383562326
8.84E+47,13667,1.44801724
8.84E+47,9807,1.427812815
8.84E+47,11469,1.427812815
2.06E+47,17712,1.440748215
1.45E+48,3314,1.383562326
3.65E+47,8756,1.383562326
9.32E+47,1913,1.383562326
8.78E+47,2473,1.383562326
9.08E+47,1574,1.383562326
3.37E+47,15058,1.371692657
3.58E+47,4044,1.383562326
7.14E+47,3774,1.383562326
3.37E+47,1369,1.383562326
9.24E+47,8780,1.383562326
7.01E+46,17712,1.440748215
3.37E+47,18289,1.312566757
8.78E+47,10343,1.427812815
5.35E+47,11360,1.427812815
6.03E+47,638,1.383562326
2.68E+47,9497,1.427812815
1.40E+48,13003,1.44801724
6.75E+47,4181,1.383562326
6.90E+47,9639,1.427812815
5.35E+47,13172,1.44801724
3.26E+47,14571,1.371692657
6.69E+47,8777,1.383562326
2.06E+47,14375,1.44801724
1.25E+48,10561,1.427812815
6.90E+47,16399,1.371692657
6.33E+47,15940,1.371692657
8.13E+47,4328,1.383562326
1.40E+48,9484,1.427812815
2.32E+47,16806,1.406746387
8.84E+47,8703,1.383562326
9.10E+47,6442,1.383562326
9.10E+47,11101,1.427812815
6.75E+47,14110,1.44801724
3.65E+47,6810,1.383562326
8.84E+47,1681,1.383562326
5.35E+47,9145,1.427812815
9.08E+47,8292,1.383562326
9.08E+47,15269,1.371692657
8.84E+47,2327,1.383562326
1.43E+48,8831,1.383562326
1.21E+48,13307,1.44801724
1.21E+48,16698,1.371692657
1.32E+48,17099,1.440748215
2.06E+47,2518,1.383562326
9.26E+47,15275,1.371692657
1.36E+48,2260,1.383562326
3.58E+47,12686,1.44801724
1.19E+48,17481,1.440748215
5.35E+47,15552,1.371692657
5.59E+47,3542,1.383562326
6.75E+47,11160,1.427812815
1.45E+48,9546,1.427812815
2.06E+47,8588,1.383562326
3.58E+47,2351,1.383562326
2.32E+47,4438,1.383562326
9.26E+47,14360,1.44801724
6.65E+47,6913,1.383562326
9.45E+47,10383,1.427812815
1.40E+48,16727,1.371692657
2.06E+47,13666,1.44801724
2.68E+47,10752,1.427812815
5.09E+47,13525,1.44801724
1.31E+48,8750,1.383562326
1.32E+48,14840,1.371692657
1.02E+48,4896,1.383562326
8.13E+47,9748,1.427812815
4.97E+47,14092,1.44801724
4.97E+47,1606,1.383562326
5.23E+47,3368,1.383562326
7.85E+47,5726,1.383562326
3.65E+47,412,1.383562326
5.96E+47,11713,1.44801724
1.32E+48,11265,1.427812815
3.37E+47,18232,1.312566757
4.31E+46,1043,1.383562326
1.19E+48,10125,1.427812815
1.36E+48,13841,1.44801724
1.36E+48,6633,1.383562326
1.04E+48,7408,1.383562326
9.32E+47,3655,1.383562326
9.32E+47,13508,1.44801724
6.62E+47,7516,1.383562326
5.55E+47,16307,1.371692657
2.68E+47,17002,1.440748215
2.32E+47,16407,1.371692657
1.25E+48,17681,1.440748215
6.56E+47,10837,1.427812815
8.78E+47,2974,1.383562326
1.15E+47,11198,1.427812815
1.72E+47,8160,1.383562326
5.23E+47,11530,1.44801724
6.92E+47,4563,1.383562326
1.31E+48,17531,1.440748215
1.31E+48,6067,1.383562326
8.13E+47,474,1.383562326
2.08E+47,11880,1.44801724
6.27E+47,15578,1.371692657
7.14E+47,9020,1.383562326
1.40E+48,15097,1.371692657
1.40E+48,3031,1.383562326
4.99E+47,11217,1.427812815
1.40E+48,210,1.383562326
1.40E+48,10957,1.427812815
2.06E+47,15288,1.371692657
1.23E+48,18089,1.312566757
2.06E+47,396,1.383562326
6.19E+47,744,1.383562326
6.44E+47,10983,1.427812815
1.25E+48,7792,1.383562326
3.65E+47,7084,1.383562326
2.06E+47,8606,1.383562326
1.29E+47,15216,1.371692657
1.13E+48,5156,1.383562326
1.32E+48,13136,1.44801724
1.18E+48,6166,1.383562326
5.23E+47,13467,1.44801724
6.56E+47,16545,1.371692657
2.08E+47,18389,1.312566757
4.84E+46,12870,1.44801724
9.32E+47,8148,1.383562326
1.23E+48,4189,1.383562326
1.40E+48,5034,1.383562326
8.13E+47,4259,1.383562326
6.53E+47,4934,1.383562326
6.56E+47,16330,1.371692657
1.32E+48,4392,1.383562326
2.06E+47,16314,1.371692657
3.93E+47,18433,1.312566757
2.06E+47,16794,1.406746387
7.85E+47,13961,1.44801724
9.32E+47,177,1.383562326
1.32E+48,8602,1.383562326
1.40E+48,15583,1.371692657
1.32E+48,18092,1.312566757
1.32E+48,17078,1.440748215
6.90E+47,18243,1.312566757
1.34E+48,13792,1.44801724
7.95E+46,17219,1.440748215
1.25E+48,15355,1.371692657
1.32E+48,5390,1.383562326
4.53E+47,14681,1.371692657
1.02E+48,8143,1.383562326
1.18E+48,5067,1.383562326
8.13E+47,11318,1.427812815
7.14E+47,1186,1.383562326
1.40E+48,8458,1.383562326
1.66E+47,3738,1.383562326
2.68E+47,7640,1.383562326
6.44E+47,11587,1.44801724