ID,Comment,Count,Broken_Count,Long_Count,Medium_Count,Black_Count,Chalky_Count,Red_Count,Yellow_Count,Green_Count,WK_Length_Average,WK_Width_Average,WK_LW_Ratio_Average,Average_L,Average_a,Average_b
ID_556F39,Paddy,957,261,193,0,895,0,62,0,0,9.28,3.18,3.08,63,8.43,31.59
ID_AA68C7,White,2009,1022,730,0,124,791,4,9,551,6.34,2.13,3,70.36,-2.49,-7.29
ID_19CA14,Paddy,1062,302,242,0,1031,0,30,1,0,9.23,3.15,3.03,61.32,8.13,30.52
ID_92FB0C,Brown,1098,231,812,0,180,862,11,44,1,7.59,2.57,2.98,66.48,-0.58,12.64
ID_EAE27D,Brown,1456,529,758,1,211,1117,16,110,2,7.12,2.31,3.13,65.97,-0.4,10.86
ID_D75917,White,1481,420,748,2,85,938,2,14,61,6.28,2.39,2.65,73.78,-2.08,-2.33
ID_4734BA,Paddy,891,185,134,0,876,0,15,0,0,9.61,3.21,3.09,59.18,9.13,31.24
ID_431135,Paddy,1172,309,568,0,1156,0,15,1,0,8.51,2.96,2.94,60.02,8.83,32.35
ID_EF4E3B,White,1779,482,1133,4,251,292,1,33,491,6.71,2.04,3.33,68.43,-3.04,-3.9
ID_8F1D43,White,2097,1386,521,2,70,1716,1,8,49,6.28,2.3,2.76,75.53,-2.05,-2.73
ID_E57C6B,Brown,1527,333,736,0,243,1026,25,233,0,6.7,2.25,2.99,65.41,-0.72,12.69
ID_766EBC,Paddy,1065,407,348,0,989,0,76,0,0,8.61,3.1,3,61.35,7.27,27.76
ID_C85037,Paddy,1010,259,176,0,909,0,88,7,1,9.7,2.98,3.57,62.37,6.64,30.19
ID_73278A,Paddy,999,240,190,0,926,0,71,2,0,9.38,3.25,2.96,61.74,8.08,29.94
ID_3A0772,Paddy,1155,380,361,0,1129,0,26,0,0,8.7,2.84,3.26,58.66,8.33,30.83
ID_F7CADE,Paddy,1178,366,240,0,1172,0,6,0,0,9.35,2.72,3.67,54.72,8.45,30.96
ID_A9EB81,Brown,1614,633,726,1,422,941,42,207,2,7.23,2.15,3.42,64.3,0.06,12.37
ID_A58149,White,1408,311,800,2,87,298,0,13,332,7.06,2,3.57,68.41,-3.31,-3.62
ID_3EF815,White,1736,649,600,1,105,518,0,9,743,6.04,2.29,2.65,70.83,-2.04,-8.85
ID_0FF803,Paddy,1290,496,245,0,1277,0,12,0,0,9.43,2.75,3.71,59.25,8.03,30.1
ID_D64592,Paddy,1195,419,242,0,1147,0,47,0,1,9.25,3.04,3.2,61.28,7.55,28.67
ID_C6BFF6,Brown,1025,197,695,0,319,664,7,35,0,7.32,2.73,2.7,66.58,0.89,15.01
ID_660229,Brown,1309,185,991,0,277,738,25,269,0,7.21,2.28,3.18,63.4,-1.1,12.67
ID_C81E72,Paddy,1259,490,321,0,1200,0,57,2,0,8.79,3.08,2.99,60.67,7.8,29.21
ID_8D3420,White,1380,483,633,0,90,156,0,7,646,6.8,2.35,2.9,68,-3.06,-6.24
ID_705F21,Paddy,1146,376,196,0,1128,0,14,4,0,9.6,2.88,3.51,58.04,7.34,30.93
ID_17FAFE,Paddy,1210,379,221,0,1186,0,24,0,0,9.57,2.8,3.57,59.5,8.55,31.42
ID_349389,Brown,1286,581,520,1,60,1215,3,8,0,6.94,2.71,2.58,70.53,-0.15,10.87
ID_D3D944,White,1575,566,788,2,86,814,4,30,61,6.45,2.27,2.87,72.16,-2.17,-2.36
ID_1CECC7,White,1410,363,851,0,501,247,11,126,0,6.68,2.32,2.9,67.3,-1.07,2.13
ID_49182F,White,1916,1086,638,1,535,623,24,22,50,6.6,2.25,2.96,68.96,-1.45,-0.77
ID_976652,Brown,1592,530,891,0,154,1109,33,294,2,7.31,2.05,3.6,64.3,-1.51,9.62
ID_3473DE,Brown,1433,711,491,2,428,920,14,70,1,7.11,2.68,2.7,68.38,0.79,13.93
ID_CBCB58,Paddy,1044,305,196,0,996,0,48,0,0,9.4,3.1,3.15,62.01,8.84,31.62
ID_08D986,White,1905,937,689,3,257,1357,4,24,13,6.31,2.39,2.67,75.77,-1.94,-0.01
ID_35CF86,Brown,1183,334,728,0,157,974,18,34,0,7.4,2.56,2.9,66.01,0.01,13.43
ID_A113C1,Brown,1525,511,809,0,164,1245,21,95,0,7.02,2.27,3.12,66.12,-0.74,10.93
ID_A3C65C,Brown,1245,141,993,0,244,729,24,248,0,7.36,2.25,3.3,64.46,-0.76,12.74
ID_F09696,White,1737,564,884,3,132,528,1,18,246,6.72,1.91,3.55,69.25,-3.14,-3.4
ID_6DA37D,Paddy,1223,350,214,0,1201,0,21,1,0,9.66,2.56,3.98,60.06,7.21,29.02
ID_A516A8,Brown,1173,227,862,0,142,879,16,136,0,7.31,2.46,2.98,65.79,-0.38,11.13
ID_1BE3BC,White,1421,478,783,0,92,1051,3,19,61,6.66,2.4,2.79,73.23,-2.28,-5.27
ID_BAC916,White,1765,427,1069,0,380,110,4,135,177,6.5,2.01,3.27,66.77,-3.46,-0.08
ID_DDB306,White,1403,218,1043,0,108,366,0,9,269,6.59,2.08,3.2,68.79,-2.85,-3.95
ID_C6036A,Paddy,1095,282,318,0,1070,0,25,0,0,8.92,3.09,3,61.63,8.4,31.53
ID_0D0871,Brown,1372,396,847,0,111,1193,6,60,2,7.18,2.28,3.17,67.64,-0.94,9.88
ID_352FE2,Paddy,1007,269,250,0,976,0,31,0,0,9.08,3.1,3.02,60.87,8.27,30.61
ID_58A2FC,Brown,1468,447,654,0,218,1150,9,91,0,6.75,2.33,2.92,66.15,-0.34,11.52
ID_C0A271,White,2151,1239,565,2,174,594,1,25,845,6.26,2.1,3.01,69.9,-2.86,-6.7
ID_AA169B,Brown,1733,819,621,1,833,655,66,179,0,7.28,2.1,3.51,62.97,0.67,14.32
ID_7940AB,Paddy,1271,466,449,0,1219,0,52,0,0,8.65,3.05,2.94,61.61,7.8,29.16
ID_E19347,White,1572,506,927,1,41,435,1,6,601,6.65,2.1,3.19,71.43,-1.67,-6.97
ID_DA4FB5,White,1694,634,875,2,30,508,0,11,506,6.43,2.17,2.98,70.62,-1.92,-6.77
ID_CA46C1,White,1508,376,938,0,36,630,1,10,329,6.79,2.01,3.42,71.47,-2.23,-3.97
ID_692F93,Brown,1341,420,674,3,490,458,23,370,0,7.18,2.35,3.09,63.23,-0.55,14.12
ID_5FD0B3,Paddy,1217,460,315,0,1211,0,6,0,0,8.85,2.94,3.23,54.7,13.94,40.03
ID_B056EB,Paddy,1233,426,229,0,1216,0,17,0,0,9.44,2.74,3.66,59.04,8.81,32.18
ID_9E3CFC,Brown,1196,275,668,1,1194,0,2,0,0,7.12,2.41,2.99,28.91,19.06,22.82
ID_0F49C8,White,1606,556,777,9,139,993,0,16,68,6.39,2.41,2.67,74.11,-1.99,-3.81
ID_851DDF,White,1526,441,879,0,57,728,3,12,163,6.64,2.14,3.15,71.47,-2.17,-3.86
ID_F71849,White,2408,1637,184,8,450,1139,3,106,41,5.72,2.28,2.55,71.38,-2.22,0.94
ID_A9B7BA,White,1621,1014,13,20,22,310,0,13,688,4.97,2.76,1.82,70.32,-2.3,-6.75
ID_1BB91F,Paddy,1285,428,261,0,1265,0,20,0,0,9.18,2.8,3.45,59.67,7.84,30.19
ID_F7E905,Paddy,1119,307,186,0,1116,0,3,0,0,9.32,2.87,3.35,56.94,9.55,33.02
ID_DC6A64,Paddy,1282,504,214,0,1270,0,11,1,0,9.66,2.76,3.74,58.45,7.59,29.28
ID_3C7781,Brown,1174,117,888,0,128,1013,2,31,0,7.14,2.48,2.91,67.3,0.03,12.35
ID_DD7727,Paddy,1130,458,301,0,1114,0,16,0,0,8.81,3.03,3.1,51.61,14.65,39.09
ID_BCC0D4,Paddy,1172,314,232,0,1145,0,27,0,0,9.39,2.78,3.51,59.06,8.58,30.54
ID_B0B183,Paddy,1027,174,189,0,1006,0,21,0,0,9.4,2.84,3.4,59.05,8.71,31.41
ID_A8F15E,Paddy,1077,247,233,0,1054,0,21,1,0,9.08,2.94,3.18,60.22,8.11,31.35
ID_335F53,White,2211,1164,766,4,328,841,3,24,414,6.41,2.07,3.15,71.24,-2.32,-2.94
ID_3DC487,White,1492,628,734,0,32,1186,1,18,49,6.53,2.5,2.64,74.87,-2.31,-3.79
ID_4476B9,Paddy,1084,285,211,0,1063,0,13,3,0,9.24,2.96,3.22,60.21,8.19,32.14
ID_4C5BDE,Brown,1279,180,878,0,242,751,34,252,0,6.97,2.43,2.89,65.09,-0.51,13.37
ID_F93882,White,2024,819,798,3,285,777,1,13,388,6.15,2.04,3.03,71.13,-2.17,-6.6
ID_DC87C1,Brown,1478,407,912,0,145,1204,9,120,0,7.25,2.28,3.2,67,-0.56,12.13
ID_68D13C,Paddy,1090,257,201,0,1071,0,19,0,0,9.28,2.89,3.34,58.88,7.57,30.47
ID_390E98,Paddy,894,194,174,0,894,0,0,0,0,9.51,3.12,3.19,50.74,15.67,39.93
ID_0FF39B,Brown,1005,132,474,17,545,448,5,7,0,6.68,2.96,2.28,64.34,3.21,17.37
ID_4FAC9B,Brown,1284,269,723,3,458,574,13,239,0,6.92,2.38,2.95,65.13,-0.56,13.93
ID_801C14,White,2050,909,887,3,160,625,2,52,100,6.67,1.99,3.4,70.47,-2.08,-1.5
ID_087408,Paddy,1022,333,613,0,987,0,34,1,0,7.51,3.61,2.15,60.02,8,31.71
ID_6A9AED,Brown,1230,335,672,0,748,212,22,248,0,7.22,2.3,3.18,61.1,-0.18,15.64
ID_FC2C7C,White,1642,400,951,2,355,298,3,112,29,6.31,2.24,2.84,69.64,-2.01,0.23
ID_1068C6,Brown,1103,177,820,0,88,984,3,26,2,7.3,2.56,2.87,67.32,-0.46,11.5
ID_98DCE8,White,1857,969,618,1,122,1401,4,35,63,6.37,2.31,2.79,75.31,-2.06,-2.75
ID_3CEF96,Paddy,1279,424,249,0,1263,0,16,0,0,9.46,2.7,3.74,59.34,7.39,30.03
ID_63DC7E,Brown,1245,283,858,0,109,980,17,139,0,7.28,2.38,3.08,65.95,-0.45,11.27
ID_1FF1DE,Paddy,1252,380,286,0,1207,0,45,0,0,9.1,2.91,3.29,59.52,9.34,31.79
ID_4EA06F,Paddy,1165,410,277,0,1126,0,38,1,0,9.04,2.87,3.33,60.1,7.5,30.01
ID_0E9FA1,Paddy,1038,243,265,0,1034,0,2,2,0,9.14,3.14,3.05,53.4,14.63,38.93
ID_D840CC,Brown,1324,307,718,3,163,1070,14,76,1,6.86,2.71,2.56,67.33,0.31,13.76
ID_1E1D18,Paddy,1240,509,207,0,1193,0,45,2,0,9.3,3.14,3.23,61.45,7.63,28.98
ID_F76A89,Brown,1374,145,1030,0,136,926,17,295,0,7.06,2.18,3.25,64.51,-1.53,11.18
ID_6766AA,Paddy,1057,344,236,0,1035,0,22,0,0,9.08,2.98,3.14,60.51,8.19,31.71
ID_82B8A3,Brown,1271,244,893,1,357,483,32,399,0,7.78,2.21,3.55,62.93,-1.08,12.95
ID_4F6FFE,Brown,1431,453,748,0,209,1201,10,11,0,6.93,2.51,2.78,67.51,0.79,13.28
ID_303ED4,Paddy,1306,512,237,0,1279,0,27,0,0,9.57,2.67,3.86,58.66,7.44,28.93
ID_941E1A,Paddy,1238,477,385,0,1113,0,124,0,0,8.67,2.99,3.05,62.06,7.45,29.11
ID_B8C37E,Brown,1486,735,439,3,526,842,7,110,1,6.78,2.48,2.79,67.13,0.17,14.01
ID_DB576A,Paddy,1052,259,282,0,1013,0,37,1,0,9.1,3.17,2.95,61.52,8.15,30.53
ID_B20BB9,Brown,1503,382,853,0,150,1162,20,171,0,6.9,2.23,3.11,65.43,-0.83,10.28
ID_E32510,Brown,1555,483,280,1,755,507,26,267,0,6.33,2.29,2.79,62.85,0.38,13.28
ID_DC912A,Brown,1365,296,913,0,124,1148,13,80,0,7.13,2.33,3.08,66.66,-1.04,11.19
ID_4588E6,White,1317,123,1092,0,73,155,1,5,461,6.83,2.14,3.21,66.87,-4.13,-4.34
ID_58C548,Brown,1366,191,968,0,236,693,44,393,0,7,2.13,3.31,63.7,-0.98,11.87
ID_03F544,White,1391,348,812,3,113,819,2,22,23,6.53,2.37,2.78,73.15,-2.33,-0.74
ID_A0E2A2,Paddy,1176,290,241,0,1166,0,10,0,0,9.2,2.67,3.58,58.01,8.15,31.81
ID_8DF707,Brown,1227,179,858,0,203,984,14,25,1,7.17,2.49,2.89,66.81,0.12,13.78
ID_B6A108,Paddy,1148,316,344,0,1136,0,12,0,0,9.08,2.89,3.25,59.7,7.89,30.1
ID_685545,Brown,1331,258,970,0,253,875,18,184,1,7.66,2.09,3.68,65.3,-0.46,12.07
ID_B7BB35,White,1502,270,967,0,213,320,0,12,401,6.56,2.09,3.16,68.76,-2.98,-5.21
ID_2CA65F,Brown,1114,127,935,0,151,852,11,100,0,7.49,2.38,3.17,65.88,-0.64,11.91
ID_C9F95A,Paddy,1219,412,364,0,1217,0,2,0,0,8.82,3.13,2.93,51.26,15.08,38.49
ID_E00DA0,Brown,1303,293,859,0,136,1117,13,37,0,7.23,2.46,2.96,67.67,0.26,12.93
ID_084B6F,Paddy,1035,259,508,0,979,0,56,0,0,8.47,2.88,3.05,62.63,8.09,31.26
ID_9DFCD5,Paddy,1182,384,352,0,1177,0,5,0,0,8.9,3.07,3.09,52.1,13.56,37.33
ID_7DCD34,Brown,1205,186,918,0,192,607,42,364,0,7.2,2.37,3.05,62.84,-1.19,11
ID_3621F1,Paddy,1067,218,552,0,1042,0,25,0,0,8.5,2.85,3.09,61.3,7.92,30.15
ID_8EEFCF,Paddy,1217,449,198,0,1202,0,15,0,0,9.59,2.87,3.61,58.77,8.23,29.82
ID_E0EC45,Paddy,955,228,191,0,915,0,39,0,0,9.39,3.07,3.16,62.08,8.19,30.8
ID_4E4E53,White,1690,385,929,1,246,525,5,24,145,6.23,2.14,2.93,69.92,-2.18,-2.26
ID_F8C1F2,White,1249,320,462,6,32,101,1,2,772,7.01,2.22,3.21,66.73,-4.83,-6.49
ID_1EE3DF,Brown,1208,225,877,0,174,966,15,53,0,7.12,2.53,2.83,66.79,0.05,13.01
ID_A51FB9,Paddy,1115,273,253,0,1099,0,16,0,0,9.1,2.91,3.25,59.58,8.81,31.64
ID_2421FC,White,1661,421,1053,1,376,534,4,40,48,6.48,2.08,3.15,69.8,-2.73,0.69
ID_FC490C,White,3621,3117,213,4,478,1317,4,114,632,5.78,2,2.94,70.78,-2.17,-2.95
ID_08C543,White,1376,418,798,1,64,749,1,3,234,6.75,2.31,2.94,72.78,-2.09,-6.03
ID_2CBCA4,White,1158,221,520,1,139,153,2,18,317,6.99,2.39,2.94,67.63,-3.55,-4.31
ID_3546AB,Brown,1580,497,866,0,120,1338,10,110,2,6.96,2.16,3.25,67.15,-0.89,9.47
ID_B3E3E3,Brown,1606,252,7,0,1606,0,0,0,0,5.69,2.46,2.32,29.97,21.22,23.8
ID_EA5D2F,Paddy,1093,239,235,0,1083,0,9,1,0,9.22,2.9,3.25,59.13,7.82,30.57
ID_F770B6,Paddy,1059,181,329,0,1035,0,22,2,0,8.99,2.82,3.26,60.32,7.74,32.02
ID_310CE6,Brown,1257,243,740,0,227,710,26,290,4,6.8,2.43,2.82,64.76,-1.56,12.77
ID_678A14,Paddy,1156,271,163,0,1142,0,14,0,0,9.89,2.62,3.93,60.44,7.42,29.92
ID_B3BA8F,Paddy,1156,277,537,0,1133,0,23,0,0,8.59,3.13,2.81,60.12,7.57,29.83
ID_55B192,Paddy,1163,269,373,0,1140,0,23,0,0,8.93,2.78,3.32,59.92,8.09,30.53
ID_731C83,White,2243,1276,674,0,394,789,5,60,156,6.17,2.04,3.04,69.58,-3.2,-1.2
ID_816B11,Brown,1370,209,805,0,234,1051,9,76,0,6.84,2.28,3.03,65.37,-0.18,12.64
ID_01E956,Brown,1168,417,26,1,431,172,29,535,1,5.55,2.99,1.88,61.4,-0.38,15.39
ID_A67F09,Paddy,1106,247,182,0,1079,0,27,0,0,9.49,2.75,3.56,60.66,8.71,30.96
ID_7F975A,White,2062,1085,645,4,316,613,2,77,254,6.13,2.33,2.66,70.83,-1.93,-3.01
ID_8A1E80,White,2849,2549,68,21,43,2602,10,3,62,5.61,2.59,2.2,78.17,-1.79,-5.47
ID_90794E,Paddy,959,207,212,0,924,0,34,1,0,9.2,3.2,2.97,61.27,8.46,30.51
ID_357A6F,Brown,1354,164,24,1,428,714,33,179,0,5.95,2.62,2.28,63.51,-0.37,14.71
ID_FA14D4,White,1553,625,697,1,141,914,2,10,88,6.47,2.4,2.73,73.58,-2.16,-3.85
ID_E0C641,Paddy,1042,207,245,0,1023,0,19,0,0,9.15,3.1,3.04,61.2,7.9,30.33
ID_B4288D,Brown,1372,348,899,0,237,1078,16,41,0,7.16,2.27,3.17,66.6,-0.04,11.57
ID_0353AB,Paddy,1184,356,237,0,1177,0,7,0,0,9.18,2.89,3.32,58.79,8.31,30.48
ID_53E3A7,Paddy,1240,403,234,0,1219,0,21,0,0,9.24,2.74,3.56,60.23,7.41,29.91
ID_31FEFC,Paddy,924,220,141,0,865,0,56,2,0,9.81,3.08,3.36,61.11,8.18,31.98
ID_84F7E6,Paddy,1564,700,336,0,1542,0,16,4,1,9.12,2.67,4.07,57.57,7.73,30.95
ID_48AEDB,Brown,1581,706,716,1,163,1368,15,34,1,7.06,2.3,3.1,67.55,0.05,10.68
ID_A0833C,Brown,1318,450,720,1,123,1127,15,53,0,7.16,2.37,3.06,67.27,-0.78,11.14
ID_16C222,Brown,1214,134,993,0,130,798,16,267,3,7.52,2.24,3.37,65.42,-1.52,11.43
ID_EC8956,White,1234,272,787,2,32,1148,1,9,7,6.63,2.51,2.65,76.75,-2.02,-3.46
ID_8EFB10,Brown,1657,368,857,0,155,1198,27,274,3,6.89,2.16,3.23,64.94,-1.34,11.73
ID_076A0C,Brown,1273,406,775,0,268,406,60,539,0,7.44,2.51,2.98,62.49,-1.17,12.89
ID_6CFE0E,White,1631,611,849,2,141,396,3,30,280,6.69,2.16,3.13,69.2,-2.8,-3.92
ID_D1C38A,White,1805,902,680,4,139,1173,3,36,45,6.37,2.35,2.72,73.13,-2.23,-2.11
ID_0266E3,Paddy,1173,369,208,0,1160,0,12,1,0,9.6,2.8,3.67,59.02,8.26,30.92
ID_E2EF52,Paddy,1346,560,334,0,1280,0,66,0,0,8.82,3.06,3,62.25,7.29,27.36
ID_38AF86,White,1520,401,1022,0,54,478,0,7,543,6.99,2.06,3.42,70.44,-2.46,-5.34
ID_BA2FD3,Paddy,1008,267,695,0,976,0,29,3,0,7.55,3.68,2.09,60.35,8.3,32.01
ID_CE5140,White,1901,936,709,5,304,498,6,70,239,6.44,2.17,3.01,70.3,-2.34,-2.94
ID_DF0AAB,Brown,1368,127,577,1,102,870,32,364,0,6.56,2.42,2.72,64.1,-1.21,11.76
ID_250CF8,Paddy,1249,397,325,0,1236,0,13,0,0,8.88,2.76,3.36,58.9,7.95,29.86
ID_38DB3A,Brown,1480,273,720,3,643,531,20,286,0,6.71,2.23,3.04,62.86,-0.12,14.19
ID_082942,Paddy,1159,380,252,0,1138,0,20,1,0,9.17,2.86,3.43,59.58,8.59,32.5
ID_09C6C3,Brown,1456,423,799,1,717,396,34,309,0,7.13,2.18,3.31,62.01,-0.17,14.51
ID_2B8A61,White,1864,757,782,5,98,739,6,36,92,6.28,2.13,2.99,71.43,-2.13,-2.12
ID_EB86D5,Brown,1287,271,890,1,113,899,13,261,1,7.79,2.21,3.55,64.56,-1.22,11.42
ID_68A83E,Paddy,970,236,181,0,935,0,34,0,0,9.29,3.33,2.85,61.31,8.31,30.68
ID_46922A,White,1888,718,996,1,156,1132,2,12,223,6.78,1.84,3.71,72.74,-2.16,-6.64
ID_31857B,Paddy,1140,446,199,0,1131,0,5,2,0,9.23,3.08,3.14,54.74,13.79,37.66
ID_92C8C9,Brown,1325,358,799,0,314,980,19,12,0,7.34,2.49,2.96,67.39,1.04,14.04
ID_8BF121,Brown,1167,98,946,1,177,882,8,100,0,7.12,2.39,2.99,66.07,-0.4,10.9
ID_82C255,Paddy,1027,246,448,0,1027,0,0,0,0,8.64,3.31,2.67,51.01,16,41.66
ID_3E89EB,Paddy,968,188,256,0,921,0,47,0,0,9.1,3.3,2.82,62.49,8.61,32.55
ID_F57A2F,Paddy,1046,284,185,0,1033,0,13,0,0,9.45,2.97,3.38,59.55,8.49,30.79
ID_49AE49,Brown,1255,200,708,0,232,1016,2,5,0,6.84,2.66,2.59,70.01,1.34,16.09
ID_1534B7,White,1857,887,475,0,25,1199,0,2,327,5.96,2.22,2.7,73.09,-2.28,-8.04
ID_6A61D4,Brown,1292,416,406,8,691,481,13,107,0,6.73,2.71,2.54,65.48,0.5,17.9
ID_E3796A,Paddy,1372,594,315,0,1359,0,13,0,0,8.85,2.84,3.34,57.24,8.61,33.43
ID_48AB2F,Paddy,975,224,172,0,886,0,89,0,0,9.49,3.02,3.25,63.34,7.74,30.89
ID_8D7D8E,Paddy,1014,252,178,0,994,0,20,0,0,9.46,2.97,3.3,61.25,8.3,31.34
ID_8F5329,Paddy,1053,311,305,0,988,0,65,0,0,8.88,3.11,2.97,62.07,8.37,31.53
ID_43FA7F,White,1520,449,945,0,344,306,0,27,342,6.81,2.22,3.09,68.34,-2.97,-4.95
ID_670E8A,Paddy,1078,282,224,0,1026,0,50,1,0,9.28,2.74,3.56,60.64,6.88,30.33
ID_C4851E,White,2614,1880,503,1,171,1126,2,30,222,6.21,2.14,2.94,71.69,-2.02,-3.96
ID_6D0F84,Brown,1524,361,745,0,457,923,12,131,1,6.72,2.25,3.01,64.49,-0.03,13.55
ID_D96409,White,2240,1483,497,3,320,625,8,97,153,6.31,2.2,2.9,70.5,-2.04,-1.65
ID_298923,Brown,1047,70,928,0,174,807,19,47,0,7.57,2.44,3.12,65.68,0.12,12.73
ID_109A0C,Paddy,1322,396,474,0,1266,0,55,1,0,8.73,2.79,3.26,61.81,7.85,29.63
ID_CE78D1,Paddy,1068,309,265,0,1047,0,11,6,1,8.99,2.94,3.32,59.07,7.78,31.08
ID_142949,Paddy,1027,375,177,0,1023,0,1,2,1,9.32,2.78,3.72,49.44,15.37,37.95
ID_E36985,White,1862,704,949,1,102,651,1,20,379,6.59,2.03,3.27,70.63,-2.22,-3.94
ID_18D804,Paddy,1167,346,205,0,1150,0,17,0,0,9.63,2.71,3.72,58.15,8.98,32.36
ID_537D9B,Paddy,1094,331,191,0,1013,0,78,1,0,9.3,3.13,3.13,62.15,8.47,31.47
ID_812B4B,Paddy,1248,472,363,0,1227,0,21,0,0,8.7,3.02,3.06,60.09,8.75,31.2
ID_2DF452,Paddy,1054,214,374,0,1053,0,1,0,0,8.81,3.24,2.79,50.01,16.04,38.85
ID_A5BFC9,Paddy,913,196,106,0,845,0,62,3,0,9.99,3.12,3.42,62.97,7.38,30.95
ID_E744F9,Brown,1358,358,729,1,154,1087,16,100,1,6.81,2.41,2.83,66.61,-0.52,11.53
ID_5EC91A,White,1256,271,802,0,66,1050,1,6,32,6.87,2.4,2.87,74.49,-2.14,-4.63
ID_C16A53,Paddy,1270,405,240,0,1251,0,19,0,0,9.33,2.65,3.72,59.25,7.5,30.11
ID_25DDC0,White,2372,1510,507,3,217,875,1,12,633,6.44,2.01,3.25,70.71,-2.4,-6.41
ID_FEAB05,White,2002,1025,516,1,82,585,1,21,313,5.99,2.17,2.81,69.99,-2.52,-3.88
ID_B83AAC,Brown,1343,203,994,0,402,473,65,403,0,7.48,2.22,3.4,62.48,-0.78,13.65
ID_389BC7,White,1730,633,875,0,225,570,3,41,287,6.47,2.09,3.11,70.29,-2.46,-2.69
ID_FA83A1,Brown,1275,235,870,0,123,1009,19,124,0,7.05,2.27,3.13,65.23,-0.59,10.83
ID_DA11E8,Paddy,899,365,314,0,823,0,76,0,0,8.5,3.05,3.09,61.76,8.83,30.82
ID_B337E8,Brown,1429,174,457,1,278,754,40,357,0,6.5,2.41,2.72,64.04,-0.6,12.97
ID_2A79EA,Brown,1263,146,1040,0,337,544,26,356,0,7.7,2.08,3.73,63,-0.66,12.75
ID_A5E001,Paddy,1054,295,722,0,1038,0,14,2,0,7.36,3.68,2.03,59.25,8.68,32.46
ID_F4BE00,White,1406,371,771,1,33,493,1,10,230,6.39,2.26,2.84,70.94,-2.22,-5.25
ID_193002,Paddy,1022,257,151,0,1007,0,15,0,0,9.52,2.94,3.37,58.75,8.28,31.98
ID_19BC91,Brown,1288,161,949,1,249,777,29,233,0,7.15,2.31,3.11,64.98,-0.88,12.7
ID_DB85E2,White,1479,600,668,0,24,1080,0,6,111,6.42,2.39,2.7,74.36,-2.68,-4.44
ID_995E1F,White,1737,740,749,3,202,935,1,15,198,6.48,2.25,2.91,73.36,-2.06,-4.91
ID_1D7F7A,White,1404,320,811,1,79,878,5,23,32,6.41,2.37,2.73,73.11,-2.26,-2.28
ID_BEA595,Paddy,969,174,166,0,948,0,21,0,0,9.27,2.84,3.36,60.7,8.04,30.44
ID_3D8E28,Brown,1483,237,1085,0,296,633,47,507,0,7.44,1.99,3.77,62.83,-1.26,11.95
ID_2BB232,White,2082,1183,596,2,154,936,1,29,172,6.27,2.17,2.91,71.32,-2.23,-3.08
ID_AC627A,Paddy,1007,343,254,0,1000,0,7,0,0,9.12,2.88,3.32,54.34,8.47,30.7
ID_68D30A,Brown,1489,583,668,0,364,1067,8,49,1,7.42,2.26,3.3,66.22,0.18,12.01
ID_5E1B18,Paddy,1074,241,337,0,1074,0,0,0,0,8.93,3,3.07,48.88,16.1,38.84
ID_149E96,White,1570,429,619,4,89,872,1,34,89,6,2.41,2.51,72.54,-2.33,-2.84
ID_5DD9DB,Paddy,1220,354,318,0,1217,0,3,0,0,8.96,2.88,3.21,48.38,14.35,37.06
ID_905056,Brown,1102,191,769,1,353,708,15,26,0,7.23,2.66,2.74,65.48,1.42,14.46
ID_A3D68B,Paddy,1002,250,160,0,967,0,31,4,0,9.6,2.99,3.34,61.01,5.93,27.7
ID_3871BD,White,1975,1095,628,2,60,1720,0,4,74,6.34,2.32,2.75,76.25,-2.2,-5.13
ID_7C590F,White,1344,378,865,4,52,895,0,6,134,6.76,2.36,2.89,73.03,-2.32,-6.17
ID_47D1E9,Paddy,1039,250,302,0,998,0,41,0,0,9,3.11,2.98,62.1,7.96,29.49
ID_C3C59E,Brown,1287,205,985,0,187,609,14,476,1,7.48,2.24,3.36,64.57,-1.62,12.21
ID_50C3D7,Paddy,1149,360,245,0,1130,0,19,0,0,9.12,2.96,3.22,59.77,8.88,31.25
ID_41AE36,Brown,1345,459,602,1,77,1251,4,12,1,6.85,2.61,2.66,68.68,0,11.86
ID_8597A6,Brown,1351,311,851,1,370,871,9,101,0,7.12,2.32,3.1,65.17,-0.13,12.81
ID_8C235F,Brown,1185,167,794,1,192,914,17,62,0,7.06,2.6,2.74,64.89,0.35,13.8
ID_872488,White,1753,369,1068,1,313,294,2,54,190,6.34,2.02,3.18,68.14,-2.84,-1.53
ID_4CA827,Brown,1095,189,747,1,229,830,5,31,0,7.26,2.59,2.83,66.93,0.55,13.41
ID_65CC2C,White,1430,512,778,0,46,719,0,0,309,6.73,2.25,3.01,71.9,-2.44,-5.22
ID_8D317B,Paddy,1017,296,220,0,1013,0,4,0,0,9.24,3.27,2.92,54.99,13.32,38.04
ID_F033AB,White,1707,278,1308,1,444,38,1,42,388,6.54,1.94,3.4,64.41,-5.3,-0.8
ID_FAA9AF,White,1860,815,784,0,123,1218,1,23,175,6.58,2.07,3.21,73.6,-2.17,-4.39
ID_DB8E1A,Paddy,889,174,241,0,836,0,53,0,0,9.12,3.15,2.98,62.37,8.63,31.01
ID_5C9362,Paddy,1123,303,211,0,1120,0,3,0,0,9.29,2.83,3.41,57.93,7.39,30.06
ID_350510,Brown,1269,165,945,0,302,543,21,403,0,7.17,2.35,3.08,64.14,-1.26,13.13
ID_1896A3,White,1607,716,763,0,97,260,2,24,827,6.88,2.31,2.98,68.94,-2.49,-7.69
ID_A8E864,Brown,1369,291,614,1,476,822,15,56,0,6.74,2.39,2.85,64.77,0.13,14.48
ID_8E296A,Brown,1443,328,928,1,295,749,59,340,0,7.27,2.24,3.29,63.81,-0.82,12.78
ID_D56B9F,White,1308,473,637,11,71,1017,2,16,35,6.44,2.67,2.44,73.57,-2.04,-3.63
ID_99C5E0,Paddy,1119,270,203,0,1107,0,9,3,0,9.52,2.73,3.7,57.4,7.97,30.28
ID_2DEA61,Paddy,1184,545,228,0,1165,0,19,0,0,9.3,2.74,3.75,58.09,8.08,31.08
ID_605FF7,Paddy,963,257,146,0,933,0,28,2,0,9.6,2.96,3.34,60.16,7.93,30.94
ID_76DC61,White,1467,615,31,35,33,321,1,28,565,5.04,2.69,1.9,70.68,-2.18,-7.09
ID_DC960C,Paddy,1126,342,252,0,1107,0,19,0,0,9.1,2.99,3.16,59.31,9.15,31.95
ID_608159,Paddy,1210,330,382,0,1208,0,2,0,0,8.86,3.11,2.93,47.63,17.29,40.15
ID_59B90E,Paddy,1309,416,265,0,1282,0,24,3,0,9.51,2.78,3.66,59.2,8.13,30.15
ID_115F89,Brown,1149,250,728,0,400,703,8,38,0,7.23,2.64,2.76,65.85,0.64,16.71
ID_847CC5,White,1659,628,745,0,50,959,1,12,202,6.36,2.14,2.99,73.23,-2.19,-4.91
ID_FC2213,Paddy,887,203,217,0,836,0,51,0,0,9.02,3.37,2.77,59.79,7.84,30.35
ID_FCCB60,Brown,1139,242,791,0,156,951,7,25,0,7.62,2.51,3.05,67.36,0.28,14.21
ID_C9E107,Brown,1491,416,722,2,441,811,20,219,0,6.91,2.23,3.15,64.89,-0.17,12.08
ID_7CE328,White,1758,694,805,0,169,457,1,30,212,6.81,2.01,3.41,68.87,-2.79,-2.92
ID_860320,Paddy,1218,340,461,0,1211,0,7,0,0,8.68,2.99,2.96,57.09,10.5,36.77
ID_6E0721,Paddy,1098,288,352,0,1049,0,45,1,0,8.88,3.09,2.93,61.93,8.66,30.91
ID_548731,Paddy,937,211,164,0,883,0,52,2,0,9.46,3.29,2.97,62.8,7.66,30.04
ID_189977,White,1708,294,1227,2,223,38,0,48,368,6.44,1.9,3.41,65.17,-4.95,-2.26
ID_A8BAA5,Brown,1648,443,716,0,342,1140,27,138,1,6.66,2.2,3.05,64.96,-0.08,12.69
ID_37BC2F,Brown,1306,379,792,0,191,1096,8,11,0,7.22,2.47,2.94,68.47,0.81,13.13
ID_B7B16E,Brown,1592,800,528,2,296,1266,2,28,0,6.89,2.49,2.81,69,0.9,12.49
ID_BBF94B,Paddy,1127,288,316,0,1105,0,22,0,0,8.98,2.88,3.26,60.36,8.72,31.65
ID_0BB4AE,Paddy,1215,373,232,0,1214,0,1,0,0,9.51,2.76,3.66,53.84,8.63,31.14
ID_81E74D,Brown,1316,215,991,1,233,706,28,349,0,7.39,2.26,3.31,63.99,-1.06,12.66
ID_1FC214,Brown,1216,196,930,0,175,694,21,325,1,7.27,2.35,3.12,64.1,-1.21,12.57
ID_BD4C9A,Brown,1413,591,653,0,226,1006,21,155,5,7.46,2.25,3.34,65.21,-0.65,10.91
ID_310DCB,Brown,1208,80,981,1,133,689,27,359,0,7.1,2.34,3.04,63.99,-1.23,11.19
ID_F340F1,White,1735,775,752,1,192,407,2,9,502,6.59,2.13,3.11,69.73,-2.49,-4.46
ID_6E7D2D,Paddy,1050,349,245,0,993,0,57,0,0,9.02,3.22,2.91,61.59,8.19,30.97
ID_788D98,Paddy,1013,246,218,0,942,0,71,0,0,9.37,3,3.24,61.71,8.46,30.76
ID_018B59,Brown,1248,381,640,0,425,754,11,58,0,7.14,2.58,2.8,65.54,0.91,13.82
ID_FB7B9F,Brown,1264,195,936,1,175,828,18,242,1,7.12,2.31,3.11,64.89,-1.02,11.49
ID_E53A0A,White,1664,365,1081,4,330,231,1,41,277,6.49,2.04,3.21,67.76,-3.52,-2.27
ID_EDFBE1,Paddy,1332,454,438,0,1326,0,5,0,0,8.71,2.83,3.17,57.95,8.88,30.95
ID_11B984,Paddy,1151,274,233,0,1134,0,17,0,0,9.25,2.75,3.54,59.28,7.9,30.24
ID_688396,White,1544,432,727,2,106,680,1,52,151,6.23,2.51,2.5,72.07,-2.2,-3.36
ID_1F4477,Paddy,1231,278,481,0,1221,0,9,1,0,8.72,2.76,3.27,57.84,7.57,30.14
ID_E1D5BE,White,1762,785,698,4,141,789,3,42,146,6.31,2.22,2.86,71.64,-2.42,-2.43
ID_84D9EE,Paddy,1105,271,401,0,1102,0,2,0,0,8.76,3.2,2.81,49.64,16.69,40.87
ID_F1C159,Paddy,1165,381,266,0,1141,0,24,0,0,9.09,2.98,3.19,59.69,8.93,32.84
ID_0E095E,Paddy,1135,333,215,0,1083,0,51,1,0,9.26,2.77,3.46,60.44,8.49,31.31
ID_8C19F5,Brown,1388,252,997,0,228,778,39,342,1,7.29,2.23,3.29,64.88,-0.71,12.62
ID_091D58,Paddy,1214,547,228,0,1166,0,45,1,0,9.04,3.13,3.08,60.26,8.05,29.91
ID_07CDFD,Paddy,1057,244,280,0,1038,0,19,0,0,9.12,2.82,3.33,60.06,7.74,30.38
ID_B571EC,White,2174,1421,64,3,80,1201,1,6,345,5.57,2.48,2.25,72.42,-2.24,-6.06
ID_7BB060,Paddy,1223,347,264,0,1196,0,24,3,0,9.04,2.77,3.37,60.5,8.12,30.21
ID_B4D168,White,1534,615,753,0,31,692,0,9,459,6.6,2.33,2.85,72.94,-1.84,-9.12
ID_1F0E3D,Paddy,874,248,165,0,844,0,27,2,0,9.42,3.04,3.33,61.51,7.97,31.6
ID_C60D06,Paddy,1120,263,245,0,1095,0,25,0,0,9.15,2.72,3.46,59.32,8.64,32.02
ID_D736BB,Brown,1158,140,847,0,157,942,8,50,1,7.12,2.56,2.79,67.03,-0.03,11.85
ID_959A55,Paddy,1237,362,470,0,1230,0,7,0,0,8.68,2.96,3.03,57.69,9.26,32.18
ID_621461,White,1203,264,639,0,25,105,1,2,836,7.14,2.29,3.14,67.53,-3.64,-8.04
ID_D82C8D,White,1645,420,1002,2,102,591,2,23,552,7.01,1.81,3.91,70.37,-2.86,-6.21
ID_3F67FD,Paddy,930,305,190,0,890,0,40,0,0,9.18,2.86,3.36,59.46,8.91,32.46
ID_BCBE33,Paddy,1458,598,301,0,1430,0,16,6,4,9.22,2.68,4.01,56.29,8.47,31.43
ID_AE0EB3,White,2528,2141,222,3,88,1722,1,14,309,6.07,2.45,2.49,74.61,-2.24,-5.49
ID_8C6744,Brown,1325,355,748,1,319,952,13,41,0,7.12,2.52,2.86,66.36,0.6,13.48
ID_E2C0BE,White,1904,1022,640,3,110,1468,7,19,49,6.37,2.3,2.79,75.31,-2.01,-2.58
ID_D10EC7,Paddy,1056,411,284,0,1014,0,41,1,0,8.83,3.05,3.05,59.37,9.52,33.47
ID_08419B,Brown,1248,156,992,1,219,1011,3,15,0,7.38,2.41,3.08,66.85,0.42,13.67
ID_5B69B9,Paddy,1160,279,297,0,1158,0,2,0,0,9.04,2.87,3.24,49.86,12.57,35.77
ID_999653,Brown,1434,362,921,1,186,967,25,256,0,7.27,2.27,3.22,65.18,-1.11,11.4
ID_85FC37,Paddy,929,225,177,0,856,0,72,1,0,9.33,3.29,2.95,62.99,7.73,29.66
ID_6BC24F,Paddy,1202,442,241,0,1167,0,35,0,0,9.22,2.85,3.48,59.22,8.04,29.53
ID_9A1158,Brown,1931,1103,601,0,117,1712,13,82,7,6.92,2.4,2.91,66.78,-0.83,10.89
ID_F45526,White,1836,875,705,1,243,902,0,8,345,6.45,2.35,2.76,72.8,-1.87,-8.38
ID_819F46,Brown,1000,204,256,108,431,564,5,0,0,6.41,3.1,2.09,61.82,7.05,16.83
ID_E6D854,Brown,1473,451,782,1,294,878,41,260,0,7.18,2.19,3.31,63.76,-0.51,11.42
ID_26E359,Paddy,1411,547,292,0,1366,0,40,4,0,9.11,2.86,3.38,60.36,8.09,29.21
ID_0AA188,Brown,996,142,814,0,102,752,6,136,0,7.82,2.65,2.96,66.63,-1.02,12.85
ID_7EABE3,Paddy,1097,321,205,0,1072,0,22,3,0,9.33,2.83,3.45,59.04,7.95,30.12
ID_F5F859,Brown,1385,608,472,1,761,570,8,46,0,6.88,2.6,2.69,64.9,1.05,16.6
ID_B9141A,Paddy,1170,506,255,0,1086,0,82,2,0,9,2.92,3.29,61.21,7.78,30.59
ID_7E7757,Brown,1311,137,38,0,197,818,41,255,0,6,2.64,2.28,64.06,-0.89,13.36
ID_33E75F,Brown,1328,420,782,2,205,940,16,167,0,7.23,2.38,3.06,65.21,-0.88,13
ID_41F1F1,White,2362,1497,571,4,368,1360,2,60,94,6.27,2.18,2.93,73.61,-1.98,-1.31
ID_B534BA,Brown,1368,325,703,1,654,618,17,79,0,6.96,2.47,2.86,65.3,0.56,16.01
ID_5CAF41,White,1318,405,646,14,97,1073,0,14,13,6.16,2.76,2.25,75.04,-1.92,0.29
ID_9C0180,Paddy,1029,311,219,0,1021,0,8,0,0,9.28,2.98,3.23,56.51,8.37,31.82
ID_BD686F,Brown,1154,205,852,1,215,855,7,77,0,7.25,2.52,2.89,66.5,-0.13,12.66
ID_2BCAB9,Paddy,1157,358,297,0,1156,0,0,1,0,9,3.07,3.04,49.87,15.93,39.31
ID_EEFC9E,White,1669,500,1011,0,67,428,0,13,759,6.48,2.11,3.1,69.56,-2.55,-6.75
ID_D490D7,Paddy,1205,301,362,0,1181,0,22,2,0,8.92,2.59,3.6,59.76,7.3,29.07
ID_F79921,Brown,1203,244,829,0,221,958,10,14,0,7.39,2.58,2.88,68.23,1.01,12.69
ID_283802,White,1492,321,1081,0,101,456,1,2,505,6.78,2.08,3.28,69.46,-2.86,-7.21
ID_5751EC,White,1419,208,1073,0,68,522,0,6,361,6.63,2.13,3.13,70.92,-2.33,-5.24
ID_EECCA5,White,1638,765,624,2,196,1307,2,20,16,6.4,2.39,2.69,76.4,-1.97,-1.72
ID_285F89,Paddy,1260,435,234,0,1188,0,71,1,0,9.33,2.73,3.6,62.24,7.65,30.16
ID_EFE937,Paddy,997,258,233,0,995,0,2,0,0,9.17,3.24,2.95,50.15,16.04,39.25
ID_82965D,Brown,1279,298,720,0,112,1113,12,42,0,6.95,2.59,2.69,67.13,-0.1,12.37
ID_539FD5,Paddy,842,153,84,0,819,0,23,0,0,10.06,3.16,3.28,60.78,8.67,31.15
ID_A76088,White,2209,1371,565,1,81,1243,0,19,203,6.21,2.13,2.94,72.63,-2.03,-4.75
ID_F76640,Paddy,1165,475,264,0,1116,0,48,1,0,9.04,2.87,3.39,59.42,8.21,31.32
ID_2050E0,Paddy,1134,277,508,0,1121,0,13,0,0,8.63,3,2.94,58.71,8.39,32.26
ID_C8C41C,White,1479,336,967,5,110,473,0,21,337,6.66,2.18,3.09,70.22,-2.84,-5.3
ID_FB8970,Paddy,1448,602,296,0,1427,0,12,4,3,9.19,2.68,4.01,57.96,6.93,30.05
ID_CB70AB,Brown,1303,121,743,1,170,745,19,367,2,6.86,2.27,3.05,64.32,-1.26,11.58
ID_89FCD0,Brown,1389,311,754,2,432,719,16,222,0,6.92,2.2,3.19,65.43,-0.59,12.69
ID_0584CE,Brown,1244,203,921,0,151,790,37,266,0,7.24,2.29,3.19,64.14,-1.14,11.96
ID_28E209,White,1434,287,1023,2,89,327,1,14,451,6.67,2.17,3.09,69.21,-2.54,-6.32
ID_32B30A,White,1469,224,1089,1,56,283,0,16,414,6.6,2.12,3.13,68.84,-2.57,-4.98
ID_DABD8D,Brown,1059,155,499,14,550,482,6,21,0,6.66,2.86,2.37,65.51,1.64,17.33
ID_69421F,Brown,1354,152,1042,0,362,359,83,550,0,7.06,2.13,3.34,62.19,-1.2,12.8
ID_69A5B5,White,1448,561,744,1,64,826,2,16,69,6.71,2.37,2.85,72.82,-2.12,-3.58
ID_BF8229,Brown,1487,245,1052,0,520,389,81,497,0,7.42,1.97,3.8,61.66,-0.88,13.22
ID_46BA9F,Brown,1344,244,939,0,339,831,20,154,0,7.11,2.37,3.01,64.68,-0.76,14.33
ID_5E3881,Brown,1048,98,871,1,166,857,10,15,0,7.51,2.58,2.93,67.53,0.65,14.3
ID_52720E,White,2049,1092,412,3,96,1302,0,13,231,5.9,2.3,2.6,72.73,-2.45,-4.55
ID_D9D4F4,Paddy,1113,296,235,0,1092,0,21,0,0,9.31,2.83,3.45,58.97,8.89,31.84
ID_9FE859,Paddy,1183,374,191,0,1175,0,8,0,0,9.72,2.65,3.93,56.28,7.86,30.69
ID_A597E5,Brown,1304,198,1053,0,260,629,17,398,0,7.42,2.26,3.3,61.66,-0.49,13.51
ID_F71771,Paddy,1202,508,312,0,1156,0,44,2,0,8.74,2.81,3.3,60.59,8.49,31.3
ID_FE2D01,Brown,1756,1016,499,4,404,1299,10,43,0,6.87,2.66,2.61,67.16,0.65,15.47
ID_9461CC,White,1518,576,824,0,86,710,1,0,297,6.86,2.2,3.15,70.76,-2.98,-6.65
ID_3E313B,Paddy,1299,576,295,0,1263,0,36,0,0,8.85,3.12,3.01,59.59,7.92,30.11
ID_352407,Paddy,1282,420,315,0,1267,0,15,0,0,9.02,3,3.13,58.26,9.72,31.96
ID_093F65,Brown,1084,227,763,0,91,309,17,661,6,8.06,2.5,3.24,63,-1.73,10.77
ID_1A5B1E,Brown,1394,189,400,0,280,670,30,414,0,6.45,2.31,2.83,63.79,-0.75,11.64
ID_01161A,Paddy,1341,460,331,0,1319,0,21,1,0,8.94,2.78,3.39,59.09,7.34,30.32
ID_5705E1,Brown,1292,244,45,2,262,778,34,213,5,6.05,2.66,2.29,65.27,-0.02,13.85
ID_979D47,Paddy,990,209,183,0,956,0,34,0,0,9.46,3.13,3.14,61.99,8.56,32.22
ID_EB6FDC,Brown,999,120,811,0,45,650,19,284,1,7.98,2.54,3.15,64.63,-2.02,10.02
ID_C9892A,Brown,1053,153,741,0,90,944,5,11,3,7.04,2.74,2.58,68.1,0.16,11.84
ID_EB160D,White,1536,250,1023,0,187,433,0,15,372,6.59,2.02,3.3,68.82,-3.61,-4.07
ID_3DD48A,Paddy,1063,265,222,0,1038,0,24,1,0,9.34,2.85,3.36,60.21,7.85,31.13
ID_A64C94,Brown,1577,495,538,7,808,497,40,232,0,6.63,2.25,3,63.52,0.48,14.88
ID_6F3E29,Brown,1449,456,715,0,322,1068,13,42,4,6.97,2.53,2.76,67.74,0.21,13
ID_C15DA1,Paddy,1011,330,203,0,953,0,58,0,0,9.25,3.1,3.2,61.77,9.13,32.43
ID_B9D487,Paddy,903,256,125,0,800,0,102,0,1,9.85,3.08,3.31,62.61,8.07,31.37
ID_1019C8,White,2212,1431,536,1,260,1510,2,7,186,6.32,2.25,2.83,74.04,-2,-6.98
ID_522A9A,Brown,1051,202,678,2,244,722,11,73,1,7.36,2.57,2.88,65.92,-0.24,12.85
ID_4F8765,Paddy,933,199,170,0,928,0,5,0,0,9.45,2.91,3.38,57.44,7.96,31.74
ID_559CB9,White,2183,1029,845,1,428,1741,1,4,2,6.23,2.16,2.92,81.76,-1.73,3.62
ID_F4F6DC,White,1434,215,1088,0,57,419,0,5,467,6.65,2.15,3.11,70.37,-2.29,-6.33
ID_D07E70,Paddy,1123,342,250,0,1094,0,29,0,0,9.2,2.74,3.52,59.43,7.67,30.95
ID_C70DAF,Paddy,931,190,231,0,931,0,0,0,0,9.2,3.2,2.95,51.76,15.35,39
ID_EAAE33,Paddy,1319,466,343,0,1261,0,58,0,0,8.97,2.77,3.45,62.11,7.44,28.94
ID_061412,Paddy,1300,466,228,0,1294,0,6,0,0,9.62,2.74,3.73,57.43,8.44,30.81
ID_6A2FEE,Paddy,1135,321,325,0,1122,0,13,0,0,8.96,3,3.17,49.91,14.78,36.2
ID_8F7D80,Brown,1809,882,594,0,216,1473,12,107,1,6.73,2.16,3.14,66.47,-0.73,9.48
ID_8A0E11,White,1699,663,895,0,145,86,1,35,426,6.62,2.07,3.22,66.43,-3.63,-3.6
ID_2F37D1,Paddy,1280,362,467,0,1267,0,12,1,0,8.67,2.77,3.22,57.96,7.98,29.66
ID_CEE631,White,2120,1174,523,2,148,1235,1,12,298,6.08,2.18,2.82,72.42,-2.52,-6.01
ID_6974CE,White,1564,382,961,2,176,526,2,46,139,6.47,2.18,3.01,70.64,-2.09,-3.39
ID_26408F,Paddy,1055,238,198,0,1035,0,20,0,0,9.25,2.76,3.48,58.36,8.42,31.23
ID_82F2B3,Brown,1449,402,815,0,433,982,10,24,0,7.04,2.51,2.83,67.65,0.88,16.41
ID_2B4492,Brown,1302,283,771,0,403,873,5,21,0,7.04,2.57,2.76,67.19,0.72,16.19
ID_74DB12,Brown,1454,581,453,5,657,640,22,135,0,6.81,2.36,2.95,64.29,-0.06,14.94
ID_320722,Paddy,991,254,216,0,989,0,2,0,0,9.26,3.12,3.05,53.02,15.32,41.28
ID_0A0A0C,White,1608,547,789,1,53,863,0,18,176,6.64,2.1,3.19,73.08,-1.89,-5
ID_30EF30,Paddy,847,109,133,0,817,0,30,0,0,9.37,3.2,2.99,61.31,8.56,30.61
ID_DB2B41,Brown,1170,70,986,0,227,476,35,432,0,7.15,2.36,3.04,62.48,-1.26,11.99
ID_208E43,Brown,1355,330,724,0,119,1170,6,59,1,6.8,2.43,2.82,67.66,-0.63,10.71
ID_07E1CD,Brown,1656,523,864,1,355,1298,1,2,0,6.93,2.31,3.02,73.83,1.43,16.49
ID_6EA9AB,Brown,1315,167,989,0,367,353,51,544,0,7.19,2.21,3.28,62.42,-1.18,13.42
ID_05049E,White,1873,942,679,1,169,1351,1,17,100,6.47,2.26,2.88,74.85,-2.31,-4.29
ID_6C4B76,White,1812,727,886,1,524,244,0,20,495,6.41,2.16,3.01,67.15,-2.86,-4.52
ID_168908,White,1541,557,736,0,46,1311,0,8,84,6.46,2.4,2.72,75.82,-1.95,-7.08
ID_85422A,Brown,1499,217,789,0,376,527,58,538,0,6.71,2.21,3.05,62.54,-1.18,13.13
ID_0CB929,White,2190,1286,301,5,212,754,3,30,351,5.79,2.05,2.86,70.08,-2.6,-3.03
ID_EF0D39,Paddy,935,144,197,0,934,0,1,0,0,9.5,2.98,3.26,51.26,14.24,37.66
ID_41BFD2,Brown,1254,326,718,1,189,890,21,153,1,7.1,2.57,2.78,64.9,-0.31,13.64
ID_D282EF,Paddy,1060,260,287,0,1022,0,38,0,0,8.97,3.1,2.95,61.77,8.21,30.29
ID_BDB106,White,1592,431,1054,2,250,274,1,10,661,6.85,1.97,3.51,67.57,-4.67,-4.02
ID_D91D1B,Brown,1207,137,875,1,1009,132,13,53,0,7.25,2.41,3.04,41.36,12.04,19.77
ID_459A4D,White,1333,436,376,2,95,117,0,10,643,6.88,2.26,3.08,67.51,-3.77,-6.43
ID_598B3E,Paddy,1361,550,486,0,1268,0,92,1,0,8.51,3.1,2.96,62.57,7.35,28.52
ID_884D24,Paddy,1129,394,317,0,1044,0,84,1,0,8.89,2.98,3.17,60.99,8.19,29.81
ID_708F3C,Paddy,1242,342,223,0,1223,0,18,1,0,9.4,2.61,3.83,59.85,7.17,29.31
ID_83FA5A,Brown,1275,581,309,1,585,653,4,33,0,6.77,2.47,2.85,67.17,1.26,16.89
ID_92CC22,Paddy,1163,359,210,0,1140,0,23,0,0,9.51,2.83,3.53,60.12,7.85,29.8
ID_D64A34,Paddy,963,195,312,0,923,0,40,0,0,8.98,3.15,2.93,61.28,8.8,31.84
ID_7FE1F8,Brown,1490,333,974,0,251,670,30,539,0,7.13,2.14,3.35,63.98,-1.67,11.83
ID_D70732,Brown,1602,378,769,3,505,733,46,318,0,6.85,2.16,3.23,63.42,-0.45,14
ID_F5DEAE,White,1596,499,39,14,88,895,1,9,58,5.54,2.54,2.19,72.41,-2.2,-2.61
ID_42A0E1,Brown,1504,473,64,5,1455,35,6,8,0,5.9,2.48,2.43,33.58,18.02,23.24
ID_D947BF,Brown,1139,139,761,1,338,722,25,54,0,7.03,2.56,2.77,64.47,0.88,16.13
ID_44F683,Paddy,1174,366,304,0,1161,0,12,1,0,9.03,2.84,3.34,59.02,7.75,30.59
ID_C24CD7,White,1612,960,9,6,4,373,1,6,812,4.93,2.73,1.82,71.25,-1.86,-9.54
ID_E205EE,Brown,1170,141,943,0,162,685,23,300,0,7.39,2.33,3.2,63.99,-1.52,11.47
ID_BE83AB,Paddy,981,228,176,0,967,0,14,0,0,9.44,3.03,3.27,57.38,11.18,34.15
ID_76CF99,Paddy,1126,335,212,0,1100,0,26,0,0,9.27,2.8,3.53,60.07,8.74,31.21
ID_934815,White,1765,749,837,1,47,818,0,6,297,6.52,2.16,3.04,72.04,-1.88,-5.62
ID_2A084E,White,1855,329,52,8,1764,15,24,20,0,5.36,2.38,2.27,57.45,4.16,8.58
ID_BF6276,Brown,1419,332,908,0,323,908,41,147,0,7.44,2.16,3.48,64.45,-0.6,12.69
ID_051E4E,White,1463,555,696,0,85,838,2,21,96,6.78,2.23,3.05,72.98,-2.11,-4.05
ID_E56954,Paddy,1147,336,260,0,1118,0,28,1,0,9.12,2.9,3.28,60.07,8.22,30.97
ID_287E03,Paddy,1438,569,332,0,1410,0,20,6,1,9.15,2.75,3.74,58.49,7.46,31.38
ID_1CE927,White,3057,2543,181,8,780,695,8,217,137,5.8,2.21,2.67,69.62,-2.08,-0.05
ID_AD61AB,Paddy,1289,434,526,0,1260,0,28,0,0,8.53,3,2.96,60.55,8.69,30.72
ID_301AD0,Paddy,1280,450,231,0,1216,0,60,4,0,9.37,3.14,3.12,61.53,6.64,27.67
ID_6395EB,White,1389,223,1020,0,79,486,0,2,557,6.96,2.08,3.36,70.78,-2.77,-6.25
ID_AF21D0,Brown,1390,348,700,1,515,463,30,382,0,6.9,2.25,3.11,63.25,-0.55,13.4
ID_F7F580,White,1641,561,880,1,106,1134,1,9,125,6.6,2.18,3.05,73.42,-2.08,-3.62
ID_6C3CF7,Brown,1543,172,1082,0,252,257,42,992,0,6.86,2.08,3.32,61.98,-2.21,11.45
ID_58AE74,Paddy,1063,220,332,0,1056,0,7,0,0,8.96,2.98,3.1,51.43,13.34,35.86
ID_02E74F,Brown,1084,100,893,0,43,1004,3,32,2,7.24,2.57,2.83,68.03,-0.98,10.7
ID_062DDB,Paddy,1190,376,302,0,1163,0,27,0,0,8.92,2.98,3.11,59.99,7.74,31.92
ID_43FEAE,Paddy,1394,604,273,0,1373,0,20,1,0,9.15,3.07,3.22,56.59,12.21,37.07
ID_CDC0D6,Brown,1537,277,826,1,602,539,25,371,0,6.77,2.14,3.19,63.06,-0.35,13.4
ID_D5CFEA,Paddy,1204,337,445,0,1162,0,41,1,0,8.77,2.93,3.1,60.43,8.76,32.33
ID_D240E3,Paddy,1109,337,208,0,1096,0,13,0,0,9.29,2.9,3.34,57.89,8.76,31.11
ID_E58CC5,Paddy,1004,189,147,0,981,0,22,1,0,9.58,3.05,3.24,60.43,7.7,30.12
ID_642E92,Brown,1121,168,767,1,534,328,20,239,0,7.29,2.51,2.92,63.27,-0.34,16.73
ID_67C6A1,Paddy,1189,293,748,0,1185,0,4,0,0,8.29,3.24,2.62,57.33,8.01,29.92
ID_018825,Brown,1383,302,799,0,517,690,32,144,0,7.05,2.45,2.91,64.61,0.14,16.39
ID_37A749,Paddy,1021,237,230,0,1021,0,0,0,0,9.2,3.14,3.02,53.69,13.85,38.15
ID_2DE5D1,Brown,1311,101,16,0,300,556,44,411,0,5.97,2.63,2.28,63.01,-0.74,14.55
ID_17D63B,Paddy,1056,216,185,0,1047,0,9,0,0,9.37,2.77,3.53,57.57,8.46,31.02
ID_C75B6F,White,1502,305,985,2,415,118,1,75,107,6.96,2.05,3.43,66.14,-3.54,0.03
ID_7BCCFD,White,1601,378,887,0,205,448,2,63,47,6.28,2.22,2.84,70.75,-1.95,-1.09
ID_2DACE7,Paddy,1072,269,220,0,990,0,82,0,0,9.38,3.17,3.07,62.7,7.71,30.37
ID_67F7FB,Paddy,1012,270,174,0,991,0,21,0,0,9.66,2.72,3.72,59.5,6.72,28.84
ID_F47330,White,2193,1547,464,2,27,1368,0,14,327,6.37,2.23,2.88,73.76,-2.23,-6.25
ID_F9028F,Paddy,1028,318,259,0,998,0,30,0,0,9,3.25,2.84,60.98,8.16,29.37
ID_996009,Brown,1219,280,836,0,264,854,18,80,3,7.39,2.56,2.9,65.96,-0.31,14.45
ID_3FE94A,Brown,1666,658,458,3,639,845,22,159,1,6.59,2.21,3.02,64.48,0.06,13.77
ID_81DC9B,White,1678,858,627,0,187,276,4,27,415,6.67,2.33,2.88,69.08,-1.83,-4.63
ID_DC4C44,Paddy,1632,755,322,0,1569,0,63,0,0,8.99,3.03,3.29,58.87,9.17,31.77
ID_EBD962,White,1679,405,78,5,464,281,3,56,211,5.57,2.37,2.37,68.58,-1.87,-1.59
ID_AD13A2,Brown,1315,252,607,2,229,997,8,81,0,6.69,2.5,2.69,65.89,0.02,12.57
ID_82489C,Brown,997,116,791,0,140,840,6,11,0,7.58,2.61,2.91,66.45,0.3,13.55
ID_3B3DBA,Brown,1198,312,677,1,476,668,6,48,0,7.34,2.53,2.94,66.58,0.72,15.38
ID_432ACA,Brown,1125,214,812,0,90,1011,6,17,1,7.47,2.6,2.88,68.37,0.16,12.33
ID_E6B4B2,Paddy,1092,274,232,0,1074,0,18,0,0,9.23,2.95,3.21,60.75,8.37,31.99
ID_CA8155,Brown,1407,543,612,1,305,1012,21,68,1,7.01,2.51,2.82,66.14,0.32,14.12
ID_51EF18,White,2474,1423,26,6,1648,178,73,36,6,5.28,2.31,2.31,64.29,0.74,2.59
ID_A87FF6,Paddy,1014,184,216,0,1010,0,4,0,0,9.41,2.97,3.36,55.69,7.63,29.47
ID_8B16EB,Paddy,1160,333,198,0,1117,0,42,1,0,9.48,2.85,3.49,61.52,7.23,30.44
ID_70EFDF,Brown,1239,152,784,0,122,783,17,317,0,6.91,2.41,2.87,64.77,-1.53,11.72
ID_A1D501,Brown,1211,319,734,0,302,874,9,26,0,7.19,2.61,2.76,68.32,1.13,15.5
ID_11B921,Paddy,1252,342,262,0,1243,0,9,0,0,9.31,2.77,3.48,56.82,8.4,30.82
ID_9AC403,Paddy,1303,519,394,0,1245,0,58,0,0,8.64,3.01,3.06,61.77,7.82,29.69
ID_4558DB,Brown,1458,219,906,1,373,498,39,548,0,6.88,2.13,3.26,62.66,-0.93,11.99
ID_D14220,White,1915,981,609,0,123,1330,4,12,134,6.22,2.32,2.71,74.46,-1.98,-4.57
ID_5EF698,White,1528,718,614,0,30,954,0,3,262,6.4,2.48,2.59,74.32,-1.71,-8.83
ID_2E65F2,Brown,1479,285,865,1,366,866,35,211,1,6.97,2.22,3.17,65.14,-0.14,13.74
ID_3AD7C2,Brown,1308,401,624,3,554,689,21,44,0,7.03,2.47,2.88,65.4,0.51,14.62
ID_1F5089,Paddy,1149,445,280,0,1102,0,46,1,0,8.9,2.74,3.48,59.62,7.95,30.46
ID_158796,Paddy,1062,265,300,0,1057,0,3,1,0,9.02,3.1,2.99,54.28,13.78,38.65
ID_7F5D04,Brown,1491,595,674,2,315,1104,12,59,1,7,2.46,2.87,65.85,0.15,13.71
ID_258BE1,White,1483,461,830,2,525,205,19,69,4,6.69,2.27,2.98,65.96,-1.18,0.71
ID_0F840B,White,2385,1473,282,1,178,293,1,24,755,5.79,2.09,2.8,68.48,-2.24,-5.19
ID_7143D7,Paddy,943,366,205,0,820,0,121,2,0,9,3.2,2.99,61.49,8.85,32.34
ID_D39577,Brown,1281,254,864,1,294,558,23,406,0,7.4,2.19,3.43,64.67,-0.5,12.28
ID_621BF6,Brown,1283,217,901,0,190,860,19,214,0,7.04,2.37,2.98,64.65,-0.92,12.12
ID_FFD52F,Brown,1589,378,1020,1,219,1075,42,253,0,7.17,2.2,3.29,64.79,-0.95,12.8
ID_F85454,White,1635,590,838,1,70,966,1,2,187,6.49,2.18,2.99,74.15,-2.08,-4.94
ID_31B3B3,White,2300,1476,526,0,111,456,2,28,715,6.18,2.09,2.99,68.88,-2.99,-4.67
ID_A01A03,White,1358,321,846,1,74,771,0,18,210,6.62,2.41,2.76,72.5,-2.02,-7.14
ID_AFF162,Paddy,1021,228,291,0,1016,0,5,0,0,9.05,2.92,3.21,53.81,13.06,36.51
ID_D9FC5B,Brown,1314,295,751,0,365,861,35,53,0,7.03,2.48,2.86,65.4,0.29,13.79
ID_4B0A59,Brown,1038,142,816,0,92,867,12,65,2,7.45,2.68,2.79,66.23,-0.39,12.35
ID_818F46,White,1823,629,917,2,236,455,1,20,724,6.97,1.88,3.76,68.56,-3.73,-6.66
ID_F9A40A,White,2085,1134,652,4,171,1686,5,9,31,6.25,2.25,2.81,76.95,-2.02,-1.13
ID_154384,White,2321,1355,580,4,419,633,2,88,167,6.43,1.92,3.4,69.49,-2.81,-1.36
ID_EDE7E2,White,1575,533,851,0,172,1068,5,31,41,6.58,2.32,2.85,73.83,-2.3,-0.96
ID_285E19,Brown,1076,112,911,0,121,824,17,114,0,7.41,2.47,3.01,65.75,-1.01,11.72
ID_0F9661,White,2976,2175,432,5,992,1971,2,4,4,5.96,2.2,2.75,81.74,-1.54,5.55
ID_5EA164,Brown,1362,139,1058,0,212,821,13,316,0,7.18,2.15,3.37,64.83,-0.9,11.9
ID_20D135,Paddy,1012,359,133,0,940,0,65,4,0,9.81,3.1,3.51,62.75,7.78,30.79
ID_DFD746,White,1720,566,923,0,100,288,1,21,530,6.46,2.04,3.18,69.01,-2.38,-4.78
ID_7A614F,White,1501,554,783,0,86,837,0,12,120,6.6,2.34,2.83,73.6,-1.98,-4
ID_9CF81D,Paddy,1505,633,348,0,1470,0,35,0,0,8.84,3.04,3.08,57.88,9.07,31.63
ID_FBD793,White,1691,392,1151,2,250,358,2,26,391,6.54,2.02,3.27,68.32,-3.21,-4.13
ID_884CE4,White,1658,660,659,7,280,361,4,190,54,6.18,2.35,2.67,69.85,-2.03,0.51
ID_6C8349,Paddy,1276,425,263,0,1265,0,11,0,0,9.13,2.78,3.48,58.82,7.72,29.73
ID_185E65,White,1951,1150,608,1,95,868,4,27,317,6.58,2.37,2.8,72.68,-2.02,-5.12
ID_22FB0C,Brown,1328,334,743,1,401,826,36,65,0,7.1,2.44,2.95,65.62,0.72,15.11
ID_13F320,Paddy,1044,175,317,0,1037,0,5,0,0,9.01,2.96,3.15,53.82,13.95,38.69
ID_CFA086,Paddy,1028,232,153,0,1002,0,26,0,0,9.57,2.96,3.34,60.77,7.56,29.52
ID_233509,Brown,1939,1250,453,0,563,1280,19,74,3,6.92,2.44,2.86,65.44,0.5,12.68
ID_ACF4B8,Brown,1526,697,543,1,457,992,14,62,1,7,2.41,2.94,65.3,0.4,14.1
ID_10A7CD,Brown,1286,295,714,0,348,818,14,106,0,7.03,2.44,2.91,65.63,0.22,14.09
ID_45F31D,Brown,1362,227,1012,0,325,673,20,343,1,7.64,2,3.87,64.57,-1.02,11.32
ID_7A5392,White,1703,599,947,0,156,543,2,18,417,6.73,2.01,3.39,70.36,-2.88,-3.63
ID_076828,Paddy,1133,304,712,0,1123,0,9,1,0,8.19,3.34,2.49,58.36,8.46,31.9
ID_875715,Paddy,1128,426,205,0,1098,0,29,1,0,9.43,3.06,3.33,60.54,8.52,31.28
ID_C0C7C7,Brown,1340,102,15,0,429,332,89,490,0,5.97,2.59,2.32,61.51,-0.07,15.27
ID_65658F,Paddy,1125,298,334,0,1094,0,30,1,0,8.94,2.93,3.16,60.77,8.28,31.07
ID_DD4504,Brown,1488,425,849,1,209,1130,13,136,0,7.16,2.25,3.22,65.8,-0.07,12.1
ID_286674,Paddy,1204,313,452,0,1177,0,26,1,0,8.75,2.75,3.3,60.66,8.07,30.05
ID_B2EB73,Paddy,988,249,160,0,987,0,1,0,0,9.39,3.05,3.2,53.01,14.18,39.26
ID_9A9687,White,1675,912,517,5,77,1015,3,27,172,6.45,2.48,2.64,74.06,-2.48,-3.48
ID_D79AAC,White,1724,593,821,1,128,1157,1,14,148,6.42,2.29,2.82,74.03,-2.04,-6.01
ID_157977,White,1977,1000,741,0,161,502,3,11,656,6.38,2.09,3.08,69.11,-2.83,-5.83
ID_81E5F8,Paddy,1129,333,208,0,1100,0,29,0,0,9.43,2.87,3.44,60.14,8.71,30.76
ID_9DE6D1,White,2552,1913,306,5,208,922,5,46,286,5.94,2.17,2.76,70.82,-1.97,-3.22
ID_6364D3,Paddy,1131,298,271,0,1123,0,8,0,0,9.1,2.91,3.22,58.27,8.31,30.6
ID_182BE0,Paddy,1356,402,406,0,1341,0,15,0,0,8.82,2.83,3.24,57.9,8.4,30.98
ID_0E5566,Paddy,1065,327,188,0,1047,0,18,0,0,9.38,2.98,3.32,59.91,8.42,31.3
ID_7CBBC4,Brown,1586,352,29,0,1430,110,7,37,2,5.78,2.56,2.28,38.47,16.52,21.99
ID_28F0B8,Brown,1471,557,666,1,301,683,16,469,2,7.05,2.27,3.16,64.01,-0.87,11.41
ID_CBB6A3,Paddy,1107,309,263,0,1083,0,24,0,0,9.04,2.91,3.24,60.69,8.49,31.72
ID_96B9BF,White,2080,1144,570,2,225,1247,2,25,68,6.54,1.98,3.35,73.42,-2.14,-1.86
ID_821612,Paddy,1240,375,298,0,1208,0,32,0,0,9,2.97,3.18,59.05,8.94,31.5
ID_EF50C3,Paddy,1229,525,299,0,1219,0,5,5,0,8.93,3.13,3.02,53.61,12.98,35.55
ID_ABD815,White,1575,598,769,0,156,952,1,24,170,6.6,2.35,2.83,73.7,-1.99,-4.63
ID_39E497,White,1700,547,918,5,137,561,0,8,546,6.83,1.82,3.81,70.52,-2.7,-6.15
ID_D81F9C,White,1477,583,663,1,81,660,1,9,300,6.63,2.35,2.85,71.92,-1.98,-5.92
ID_A7AEED,Brown,1653,451,785,1,419,904,51,279,0,6.74,2.1,3.23,63.9,-0.25,11.96
ID_68264B,Brown,1366,67,461,0,256,712,32,366,0,6.46,2.44,2.67,63.74,-0.86,13.87
ID_3948EA,White,1646,639,764,3,160,1058,3,18,160,6.4,2.34,2.75,73.28,-2.42,-6.27
ID_53FDE9,Brown,1411,424,695,0,435,890,12,74,0,6.99,2.44,2.91,66.38,0.6,15.69
ID_16A5CD,White,1536,506,760,1,148,782,5,18,59,6.3,2.32,2.73,72.01,-2.15,-1.67
ID_A4F236,Brown,1248,266,808,1,136,1084,7,18,3,7.1,2.5,2.85,67.98,0.36,12.87
ID_8E2CFD,White,2344,1720,480,1,251,1086,7,103,162,6.5,2.35,2.79,72.14,-2.07,-3.01
ID_55B37C,Paddy,1056,330,204,0,970,0,81,4,0,9.29,3.12,3.11,62.7,7.27,29.23
ID_535AB7,White,1628,507,930,2,291,268,1,23,666,6.92,2.04,3.44,68.06,-3.6,-5.8
ID_BB04AF,Paddy,1013,232,174,0,980,0,32,1,0,9.47,2.81,3.49,60.69,8.42,32.24
ID_63538F,White,1439,413,795,1,72,352,2,8,431,6.46,2.38,2.73,70.11,-2.35,-6.04
ID_2CFD45,Brown,1524,411,926,0,401,713,67,342,1,7.44,2.09,3.6,63.22,-0.27,13.49
ID_C32D9B,Paddy,1033,355,612,0,1000,0,28,5,0,7.5,3.64,2.14,59.74,7.79,31.4
ID_B1D10E,White,2180,1103,700,1,317,592,4,51,212,6.56,1.92,3.47,69.33,-2.76,-2.3
ID_288CC0,Paddy,1068,424,281,0,954,0,113,1,0,8.82,3.08,3.05,61.53,9.46,32.22
ID_F29B38,White,1414,444,757,0,40,1014,2,11,144,6.57,2.37,2.8,73.55,-2.16,-7.2
ID_AB817C,Paddy,938,186,277,0,921,0,12,4,0,9.05,3.28,2.82,61.13,8.17,30.23
ID_FFEABD,Paddy,1301,556,280,0,1225,0,75,1,0,8.93,3.16,2.95,61.77,8.8,32.03
ID_2F5570,Paddy,1260,430,288,0,1221,0,39,0,0,9.01,3.02,3.11,59.8,8.55,31
ID_AACE49,White,1536,400,979,0,227,446,0,14,242,6.81,2.12,3.24,69.3,-2.89,-3.3
ID_8B0DC6,Brown,1237,75,1042,0,150,885,16,186,0,7.17,2.31,3.11,65.34,-1.41,12.12
ID_C667D5,Brown,1685,610,745,2,426,1252,0,7,0,6.82,2.32,2.98,73.71,1.36,16.68
ID_5F0F5E,White,1415,319,1010,1,123,335,1,10,304,6.85,2.11,3.27,69.17,-2.66,-3.7
ID_E555EB,Paddy,1075,272,162,0,1053,0,22,0,0,9.98,2.78,3.75,59.7,8.68,30.71
ID_66808E,Brown,1299,557,611,0,109,1133,10,47,0,7.12,2.68,2.67,67.61,-0.15,11.66
ID_E49B8B,Paddy,1121,210,347,0,1109,0,12,0,0,8.98,2.93,3.16,58.62,9.13,32.06
ID_170000,Paddy,982,265,226,0,940,0,42,0,0,9.08,2.9,3.23,60.99,7.98,30.48
ID_24146D,Paddy,1254,334,307,0,1243,0,11,0,0,9,2.75,3.38,58.83,8.16,29.89
ID_3CF166,Paddy,1091,355,181,0,1031,0,59,1,0,9.49,2.81,3.58,60.33,8.24,30.43
ID_86109D,Brown,1449,199,458,0,84,1195,9,161,0,6.49,2.42,2.7,65.66,-1.18,10.31
ID_3D779C,White,1656,474,1037,1,196,609,1,27,108,6.81,2.11,3.25,70.95,-2.15,-1.17
ID_85D8CE,Brown,1285,229,881,0,490,471,19,305,0,7.14,2.36,3.05,63.09,-0.52,14.23
ID_1D7231,Paddy,1357,462,239,0,1339,0,18,0,0,9.47,2.64,3.83,58.25,8.44,30.36
ID_B7892F,White,1635,642,845,1,119,378,3,15,703,6.79,2.09,3.27,69.96,-2.18,-6.65
ID_A9A1D5,Paddy,1200,449,442,0,1176,0,21,2,0,8.54,3.16,2.79,60.17,8.61,30.44
ID_8A3363,White,1488,347,983,2,80,489,0,5,301,6.63,2.16,3.09,70.41,-2.75,-5.08
ID_68CE19,Brown,1350,167,974,0,121,777,28,424,0,6.99,2.29,3.06,64.86,-1.31,10.49
ID_93DB85,Paddy,952,229,213,0,871,0,80,1,0,9.22,3.09,3.09,62.23,7.69,29.5
ID_CFBCE4,White,1663,453,887,1,63,436,0,26,619,6.32,2.04,3.12,70.89,-2.04,-6.36
ID_AC1DD2,Brown,1240,188,978,0,332,329,47,532,0,7.55,2.2,3.44,61.39,-1.14,12.24
ID_E96ED4,Brown,1094,170,785,0,136,916,10,32,0,7.21,2.65,2.73,67.15,0.16,12.92
ID_25DF35,White,1611,436,983,2,223,476,0,26,495,6.62,2.15,3.11,70.12,-2.86,-6.03
ID_AB233B,Paddy,890,300,242,0,793,0,97,0,0,8.79,3.45,2.66,61.49,8.31,31.13
ID_C52F1B,Brown,1615,539,910,0,602,750,53,210,0,7.52,2.05,3.71,63.29,0.11,13.45
ID_45C48C,Paddy,1396,538,505,0,1345,0,50,1,0,8.57,3.09,2.89,60.99,8.09,28.7
ID_8D6DC3,Brown,1460,273,1054,0,525,460,79,396,0,7.67,2.06,3.78,62.12,-0.48,13.71
ID_D7A728,Brown,1306,465,645,1,235,1036,4,31,0,7.15,2.53,2.84,67.91,0.38,12.45
ID_FC4930,Brown,1460,378,828,1,542,661,44,213,0,6.9,2.31,3.02,62.88,-0.15,13.68
ID_577BCC,Brown,1416,571,113,10,955,288,38,135,0,6.28,2.48,2.59,62.12,1.41,17.25
ID_67D16D,White,1453,512,747,1,51,1162,0,8,71,6.6,2.38,2.79,75.08,-2.25,-4.81
ID_8065D0,White,1502,449,790,1,86,1021,1,11,27,6.42,2.32,2.79,74.48,-2.21,-2.01
ID_3CEC07,Paddy,964,415,198,0,887,0,76,1,0,9.06,3.16,3.02,61.73,8.76,31.12
ID_8CB22B,Paddy,971,461,174,0,933,0,37,1,0,9.07,3.12,3.1,60.52,8.24,30.39
ID_170C94,White,1545,663,688,0,148,488,1,41,406,6.68,2.35,2.86,71.3,-1.93,-4.58
ID_F47D0A,Brown,1176,235,689,0,234,902,10,30,0,7.01,2.57,2.75,66.74,0.26,13.27
ID_B137FD,Brown,1120,512,34,7,717,66,20,317,0,5.63,3.03,1.89,59.93,-0.07,16.89
ID_8E98D8,Brown,1190,219,750,2,355,783,5,47,0,7.12,2.51,2.88,66.48,0.61,15.1
ID_C3E0C6,Paddy,1087,261,268,0,1073,0,13,1,0,9.05,2.95,3.14,58.95,8.95,31.54
ID_B5DC4E,Brown,1217,368,742,0,236,917,10,54,0,7.43,2.55,2.92,65.53,0.15,14.41
ID_4E4B5F,Brown,1542,254,930,0,255,834,70,383,0,6.98,2.15,3.27,63.69,-1.07,12.48
ID_9778D5,Brown,1176,212,855,1,181,974,8,13,0,7.39,2.49,3,68.29,0.73,13.72
ID_DA8CE5,White,1867,1019,620,2,110,735,1,31,147,6.38,2.34,2.74,71.52,-2.18,-3.71
ID_C44E50,Brown,1307,190,973,1,367,584,43,312,1,7.26,2.28,3.21,63.34,-0.66,13.08
ID_883E88,Paddy,1038,247,241,0,1000,0,38,0,0,9.22,2.86,3.37,60.7,9.03,32.75
ID_456AC9,Paddy,997,182,355,0,962,0,35,0,0,8.89,3.05,2.98,61.37,9.3,32.89
ID_FFEED8,White,1558,365,862,6,187,813,3,25,77,6.38,2.25,2.87,72.87,-2.2,-1.3
ID_D6BAF6,Brown,1414,193,786,0,218,915,35,246,0,6.73,2.3,2.93,64.23,-0.62,12.75
ID_754DDA,Brown,1062,323,476,2,483,74,38,467,0,7.78,2.44,3.24,60.22,-0.34,14.72
ID_68B1FB,White,1770,871,727,1,127,1262,1,7,137,6.51,2.33,2.82,74.63,-1.76,-5.2
ID_53C3BC,Paddy,1143,268,305,0,1120,0,20,3,0,9.03,2.95,3.21,59.48,9.24,32.89
ID_FC8001,Brown,1202,339,715,0,142,1026,5,29,0,7.19,2.58,2.8,68.99,0.5,14.31
ID_9B04D1,White,1686,576,884,1,202,591,0,13,466,6.74,2.08,3.28,70.1,-2.68,-5.12
ID_8F14E4,White,1759,802,735,2,222,711,1,18,232,6.49,2.28,2.88,71.71,-2.17,-4.59
ID_4D5B99,Brown,1247,205,865,0,249,690,21,286,1,7.82,2.26,3.5,64.67,-0.64,12.01
ID_4DA040,Paddy,1084,303,247,0,1013,0,67,4,0,9.2,3.11,3.05,61.04,6.28,28.65
ID_8EBDA5,Paddy,1343,511,264,0,1331,0,12,0,0,9.38,2.69,3.77,57.19,8.4,31.51
ID_4F16C8,Brown,1244,268,752,1,300,741,32,171,0,7.46,2.27,3.32,64.93,-0.01,12.79
ID_950A41,Brown,1458,435,597,1,431,975,10,42,0,6.8,2.25,3.1,65.96,0.14,13.77
ID_1FF8A7,Paddy,1152,386,240,0,1149,0,3,0,0,9.29,2.73,3.57,51.81,8.47,30.61
ID_67D96D,White,1572,448,928,3,206,693,5,63,56,6.76,2.26,3.02,72.07,-1.96,-0.98
ID_DF877F,Brown,1298,275,880,0,197,967,15,119,0,7.28,2.42,3.03,65.25,-0.71,12.8
ID_795C7A,Brown,1442,580,641,3,265,1123,15,39,0,7.05,2.48,2.86,68.03,0.69,13.42
ID_3295C7,Brown,1391,178,922,0,258,902,17,214,0,6.94,2.16,3.25,65.7,-0.39,11.51
ID_BBCBFF,White,1858,853,666,0,121,824,1,9,318,6.47,2.05,3.18,72.21,-1.84,-5.69
ID_470E7A,Brown,1113,169,751,0,235,819,3,55,1,7.12,2.6,2.75,66.35,-0.07,14.67
ID_FBA9D8,Brown,1161,183,783,0,427,452,27,255,0,7.21,2.51,2.88,63.42,-0.07,16.15
ID_C3E878,Brown,1502,459,612,2,812,375,39,276,0,6.86,2.16,3.24,62.07,-0.09,13.31
ID_C39986,White,1594,549,733,1,39,1132,0,10,139,6.3,2.37,2.67,74.14,-2.09,-6.6
ID_1C9AC0,Brown,1079,178,808,0,152,875,7,45,0,7.44,2.61,2.87,65.83,0.3,14.51
ID_5737C6,White,2042,1115,31,7,300,503,2,50,245,5.48,2.39,2.31,70.28,-1.88,-2.36
ID_2D6CC4,Paddy,1190,294,291,0,1177,0,13,0,0,9.06,2.64,3.54,59.05,7.98,30.15
ID_EC5DEC,Brown,1489,457,853,1,407,669,73,340,0,7.52,2.19,3.47,63.08,-0.21,13.7
ID_EBA0DC,Brown,1398,563,552,0,410,956,4,28,0,6.91,2.54,2.75,67.31,0.79,14.23
ID_84D200,Paddy,1103,253,247,0,1080,0,22,1,0,9.23,2.75,3.47,60.1,7.86,30.96
ID_B51A15,Paddy,812,126,144,0,745,0,65,2,0,9.25,3.43,2.74,61.56,7.44,31.38
ID_9DA187,Paddy,1469,568,683,0,1430,0,39,0,0,8.18,2.85,3.01,59.02,7.64,29.91
ID_B5B41F,White,1654,782,668,3,151,859,0,13,263,6.67,2.4,2.82,73.05,-2.03,-6.49
ID_ED265B,Paddy,1100,270,313,0,1095,0,5,0,0,8.95,2.68,3.44,57.04,8.98,30.28
ID_9DCB88,Brown,1241,300,813,0,190,985,14,51,1,7.42,2.53,2.95,66.95,0.45,13.47
ID_F4DD76,Paddy,1169,332,226,0,1142,0,27,0,0,9.12,2.88,3.27,60.43,8.59,31.48
ID_674BFC,White,1888,211,248,0,192,350,1,30,255,5.59,2.04,2.76,67.93,-3.27,-2.58
ID_6FAA80,Paddy,1107,310,208,0,1075,0,31,1,0,9.36,2.9,3.41,60.02,8.27,31.36
ID_A733FA,White,1428,448,752,1,62,871,1,17,134,6.47,2.42,2.69,73.29,-2.28,-5.02
ID_7B13B2,Brown,1038,220,639,0,144,884,4,6,0,7,2.8,2.51,70.45,0.86,14.26
ID_CAF1A3,White,1688,952,517,3,25,1554,1,3,48,6.23,2.55,2.46,77.11,-1.98,-6.07
ID_577EF1,Brown,1270,199,988,0,170,899,14,187,0,7.71,2.22,3.5,64.65,-1.34,12.96
ID_71F627,Brown,1751,927,408,1,358,1205,29,158,1,6.62,2.35,2.85,65.04,-0.21,12.39
ID_5E9F92,Paddy,1092,324,190,0,1058,0,32,2,0,9.7,2.72,3.75,60.29,6.89,29.14
ID_72DA7F,White,1737,484,923,0,394,644,2,46,39,6.26,2.06,3.07,69.42,-3.38,1.04
ID_202CB9,Brown,1443,603,543,1,661,707,20,55,0,7.01,2.53,2.82,66.69,0.87,14.81
ID_9AD6AA,White,1595,360,1034,0,192,538,1,29,357,6.51,2.13,3.08,70.11,-2.3,-4.95
ID_647BBA,Brown,1397,603,599,0,540,794,10,52,1,7.22,2.56,2.85,66.17,0.61,14.55
ID_ED3D2C,White,1963,941,758,4,86,891,3,38,437,6.36,2.12,3.03,72.36,-2.19,-5.15
ID_C4B31C,Paddy,1258,440,331,0,1235,0,22,1,0,8.89,2.94,3.18,59.42,7.88,31.49
ID_2A9D12,White,1529,471,942,0,221,211,0,14,816,6.89,2.18,3.17,68.87,-2.78,-7.91
ID_B1563A,Brown,1748,245,155,1,700,342,146,560,0,5.99,2.2,2.74,60.8,0.04,14.9
ID_F73B76,Paddy,954,150,234,0,954,0,0,0,0,9.21,3.03,3.1,50.28,15.32,38.39
ID_7F100B,White,1901,786,814,2,238,536,3,28,623,6.63,1.97,3.42,70.06,-2.32,-6.48
ID_5A4B25,White,1820,652,904,1,155,529,1,15,738,6.4,2.06,3.15,69.56,-3.03,-7.31
ID_B70683,Paddy,1147,469,215,0,1138,0,9,0,0,9.32,2.86,3.65,56.7,7.02,28.5
ID_9C838D,Brown,1265,250,755,2,448,508,15,294,0,7.07,2.31,3.1,64.2,-0.79,13.87
ID_CCB1D4,Brown,1544,495,393,3,587,642,22,293,0,6.5,2.26,2.92,63.53,-0.41,12.33
ID_E16542,Brown,1363,239,1017,0,166,999,17,180,1,7.27,2.24,3.26,64.97,-0.6,11.58
ID_A8ECBA,White,2371,1672,356,0,135,1226,2,23,386,5.96,2.27,2.65,72.65,-2.43,-5.82
ID_45FBC6,White,1732,557,1066,1,222,480,0,12,655,6.78,2.01,3.39,69.72,-2.89,-5.71
ID_990827,Brown,1164,275,766,2,204,901,11,48,0,7.17,2.74,2.63,66.8,0.75,13.08
ID_D6723E,Brown,1205,95,1006,1,114,730,19,342,0,7.15,2.37,3.04,63.99,-1.66,11.53
ID_6AAB12,Brown,1222,169,981,0,72,826,9,314,1,7.24,2.41,3.02,64.37,-2.02,11.02
ID_3DEF18,Paddy,1242,498,338,0,1222,0,17,3,0,8.78,3.19,2.87,54.87,12.15,33.74
ID_03E070,Paddy,1225,418,274,0,1207,0,17,1,0,9.05,2.9,3.24,59.57,9.06,32.49
ID_AAB323,White,1515,430,856,0,49,631,1,9,456,6.26,2.2,2.86,70.73,-2.58,-8.22
ID_363663,Paddy,1051,285,352,0,990,0,57,4,0,8.79,3.17,2.87,61.43,8.6,30.96
ID_9FC3D7,White,1929,831,819,3,208,877,5,39,176,6.46,2.01,3.26,71.09,-2.41,-2.94
ID_C9F0F8,Brown,1305,276,748,5,166,1111,7,21,0,7.01,2.55,2.76,67.65,0.62,12.36
ID_59C330,White,1557,778,321,84,20,1394,0,1,63,5.85,2.76,2.14,76.97,-1.76,-6.07
ID_E2A2DC,Brown,1227,148,957,0,72,858,19,278,0,7.15,2.31,3.11,64.99,-1.57,10.39
ID_36A16A,Brown,1148,153,904,0,47,723,23,353,2,7.39,2.44,3.05,64.65,-1.61,10.24
ID_D554F7,Paddy,1226,413,184,0,1210,0,16,0,0,9.91,2.62,4.03,57.72,9,29.38
ID_22AC3C,Paddy,1002,246,189,0,992,0,10,0,0,9.83,2.84,3.6,59.18,8.4,30.51
ID_0A09C8,Brown,1510,581,629,2,750,680,12,68,0,6.98,2.41,2.93,65.07,0.84,16.35
ID_571E0F,Brown,1388,584,674,2,325,998,12,53,0,7.32,2.59,2.84,66.43,0.05,13.75
ID_E702E5,Brown,1288,237,913,0,116,1043,19,110,0,7.15,2.28,3.15,65.88,-1.07,10.55
ID_DF6D23,Brown,1223,249,878,0,152,951,10,110,0,7.26,2.39,3.06,66.23,-0.67,11.33
ID_677E09,White,1248,304,687,2,43,219,1,7,752,6.86,2.37,2.91,68.77,-3.05,-8.47
ID_38CA89,Paddy,1072,286,223,0,1034,0,37,1,0,9.2,2.77,3.45,61.54,7.52,30.42
ID_024D7F,Brown,1299,172,1039,0,205,753,11,329,1,7.83,2.09,3.77,65.19,-1.33,11.62
ID_4E732C,Paddy,1125,342,230,0,1087,0,38,0,0,9.26,3.08,3.21,60.6,8.98,31.75
ID_4D2E7B,Paddy,1197,429,235,0,1177,0,20,0,0,9.18,2.98,3.23,58.2,8.93,31.72
ID_138BB0,Paddy,1066,324,265,0,1064,0,2,0,0,9.04,3.07,3.06,51.27,15.24,39.41
ID_82AA4B,Brown,1775,844,587,3,491,1014,19,251,0,7.1,2.18,3.35,65,-0.21,14.33
ID_9CFDF1,Paddy,1172,384,265,0,1163,0,9,0,0,9.04,2.88,3.29,57.73,8.8,31.86
ID_6CDD60,White,1550,541,780,0,79,517,2,23,351,6.45,2.27,2.86,70.71,-2.42,-5.39
ID_2291D2,White,1831,844,740,1,636,573,33,61,1,6.48,2.39,2.73,69.43,0.04,1.24
ID_A01607,White,1538,480,827,1,81,618,0,8,451,6.62,2.19,3.04,70.95,-2.6,-7.36
ID_060AD9,White,1689,791,722,1,98,1212,4,17,116,6.4,2.44,2.64,74.18,-2.2,-3.63
ID_430C36,White,1470,151,767,0,223,85,0,128,58,6.1,2.17,2.83,66.61,-3.49,0.6
ID_43CCA4,Paddy,1202,359,290,0,1189,0,13,0,0,9.14,2.8,3.44,59.79,8.29,31.72
ID_A8240C,Paddy,1107,292,206,0,1063,0,43,1,0,9.3,2.82,3.41,60.85,7.86,31.77
ID_A86C45,Brown,962,95,820,0,80,680,21,180,1,7.6,2.6,2.93,64.6,-0.92,11.78
ID_CC1AA4,Paddy,1063,385,213,0,1039,0,24,0,0,9.19,2.97,3.24,57.8,8.83,31.75
ID_2723D0,Paddy,1237,409,242,0,1229,0,8,0,0,9.25,2.86,3.39,56.34,8.4,30.56
ID_A2137A,Paddy,1230,440,271,0,1227,0,2,1,0,9.11,3.08,3.1,53.18,14.41,38.31
ID_6C340F,Brown,1084,114,861,0,92,975,4,13,0,7.35,2.59,2.86,68.08,-0.2,12.69
ID_3B5DCA,Brown,1215,213,640,3,317,724,18,156,0,6.83,2.72,2.53,65.45,0.27,15.31
ID_040259,White,2106,975,668,4,227,994,8,41,111,6.05,2.04,3,71.85,-1.95,-2.98
ID_144A3F,White,2079,1081,477,3,174,278,5,63,208,5.99,2.1,2.87,68.75,-1.81,-2.99
ID_861DC9,Paddy,1193,347,206,0,1169,0,23,1,0,9.46,2.74,3.63,60.27,6.95,28.43
ID_2AC240,Paddy,1239,378,667,0,1218,0,21,0,0,8.32,2.89,2.96,59,8.87,31.72
ID_A684EC,White,1955,861,839,0,373,615,6,16,242,6.83,1.89,3.67,69.28,-2.96,-2.38
ID_DC58E3,Brown,1090,68,860,0,112,843,10,124,1,7.17,2.52,2.86,65.12,-0.71,12.91
ID_DC6A70,Brown,1279,149,1025,0,164,778,10,327,0,7.22,2.23,3.26,64.34,-1.06,9.27
ID_4B04A6,Brown,1209,180,907,0,233,796,14,166,0,7.34,2.43,3.03,64.58,-0.9,13.46
ID_68053A,Brown,1365,349,828,2,392,839,28,106,0,7.32,2.4,3.11,64.46,0.8,14.45
ID_702229,White,1727,909,600,2,36,1275,0,9,113,6.41,2.32,2.79,74.23,-2.35,-5.25
ID_AB88B1,White,1375,396,806,1,71,711,1,3,169,6.66,2.4,2.78,73.36,-2,-5.02
ID_114193,White,1503,562,680,2,76,387,0,36,151,6.39,2.35,2.75,69.63,-2.67,-2.53
ID_C0E190,White,1626,408,14,0,164,453,2,20,295,5.48,2.38,2.32,69.93,-2.24,-3.24
ID_2A38A4,Paddy,1160,314,211,0,1144,0,16,0,0,9.44,2.74,3.64,58.25,8.3,31.03
ID_1ECFB4,Brown,1186,71,1016,0,213,410,41,522,0,7.31,2.32,3.17,62.98,-1.22,12.02
ID_94F6D7,White,2538,1802,500,4,150,1045,1,16,688,6.23,2.19,2.88,71.47,-2.31,-6.86
ID_CCC0AA,White,1710,635,916,1,134,942,2,8,145,6.65,2.17,3.09,72.17,-2.14,-2.88
ID_C73DFE,Paddy,963,332,234,0,886,0,71,6,0,8.99,3.38,2.73,63.41,8.11,30.36
ID_5C0492,Brown,1476,381,700,2,473,611,12,380,0,6.79,2.24,3.07,64.29,-0.79,13.18
ID_D34AB1,Brown,1008,103,849,0,221,524,30,231,2,7.57,2.57,2.95,63.4,-0.9,13.67
ID_064096,Brown,983,74,875,0,114,662,29,177,1,7.58,2.58,2.95,65.97,-0.28,13.69
ID_7E7E69,Brown,948,97,271,114,452,491,4,1,0,6.42,3.1,2.08,58.4,7.76,17.69
ID_F29C21,Paddy,1179,312,172,0,1147,0,30,1,0,9.98,2.58,4.13,60.55,8.14,30.28
ID_66F041,Brown,1474,369,656,3,628,576,33,237,0,6.76,2.32,2.96,63.91,0.54,15.45
ID_14BFA6,Paddy,1276,360,508,0,1266,0,9,1,0,8.61,2.78,3.19,59.54,7.57,31.08
ID_C4015B,Brown,1256,426,713,0,133,955,18,145,5,7.36,2.54,2.92,65.28,-1.34,12.24
ID_6A10BB,White,1392,237,890,1,102,870,1,10,43,6.53,2.32,2.83,73.32,-2.19,-1.98
ID_3C59DC,Brown,1444,212,765,0,440,632,20,352,0,6.72,2.25,3.01,62.35,0,13.21
ID_7750CA,Paddy,1125,305,282,0,1119,0,2,3,1,9.02,2.91,3.42,57.24,7.95,30.87
ID_E70611,Paddy,1214,457,399,0,1145,0,68,1,0,8.68,2.82,3.25,61.17,8.09,30.65
ID_0EFE32,Paddy,1192,332,370,0,1129,1,60,0,0,8.88,3.05,3.04,61.95,7.58,28.82
ID_0DEB1C,White,1748,879,615,0,85,1072,1,10,95,6.31,2.35,2.7,73.09,-2.19,-2.81
ID_F0ADC8,White,1595,737,667,0,75,946,2,23,230,6.63,2.35,2.83,73.07,-2.13,-6.92
ID_1905AE,Brown,1854,888,516,2,345,1402,39,67,1,6.68,2.41,2.8,66.28,0.14,13.37
ID_4E0CB6,Paddy,1109,269,348,0,1084,0,25,0,0,8.97,2.9,3.21,60.26,7.6,30.59
ID_EF575E,Brown,1357,314,811,1,551,718,31,57,0,7.11,2.37,3.03,64.13,0.49,14.76
ID_D1FE17,White,1629,544,895,3,50,688,1,3,351,6.56,2.11,3.13,71.66,-2.24,-5.05
ID_9AB0D8,Brown,1405,134,909,1,220,638,30,517,0,6.77,2.31,2.95,63.18,-1.56,13.03
ID_924644,Brown,1292,145,1019,0,145,416,30,701,0,7.16,2.26,3.18,62.8,-1.8,10.45
ID_13FE9D,Paddy,1133,354,182,0,1102,0,30,1,0,9.76,2.7,3.83,58.56,7.56,30.99
ID_D61E4B,Paddy,1005,253,283,0,1004,0,0,1,0,9.02,3.11,3,50.35,15.03,38.1
ID_EDDB90,White,1752,449,1039,2,348,669,0,36,141,6.41,2.21,2.93,70.05,-2.92,-2.5
ID_390597,Brown,1592,662,737,0,208,1065,42,277,0,7.4,2.19,3.41,64.68,-0.47,11.6
ID_138597,Paddy,977,191,239,0,961,0,13,3,0,9.25,3.02,3.19,56.05,13.08,39.34
ID_E6CB2A,Paddy,1147,352,638,0,1123,0,24,0,0,8.3,3.2,2.7,58.23,8.33,31.03
ID_9232FE,Paddy,970,244,189,0,968,0,2,0,0,9.39,3.12,3.14,52.14,14.3,37.83
ID_97AF4F,Paddy,1358,636,285,0,1298,0,60,0,0,8.92,3.18,2.97,60.96,8.59,30.62
ID_B53B3A,Paddy,1253,363,745,0,1251,0,2,0,0,8.23,3.26,2.62,56.26,7.06,27.97
ID_32BB90,Brown,1347,444,695,3,502,811,9,25,0,7.28,2.46,3,67.25,0.5,15.24
ID_371BCE,White,1720,409,1038,0,319,701,3,148,22,6.36,2.21,2.92,70.29,-2.77,0.87
ID_D2DDEA,White,1739,453,1025,1,227,492,0,15,339,6.77,1.93,3.55,69.23,-2.95,-4.24
ID_45645A,Paddy,908,242,114,0,905,0,3,0,0,10.21,3.07,3.5,55.82,9.72,34.33
ID_49C9AD,Brown,1349,385,675,0,379,867,21,74,8,6.91,2.5,2.8,65.09,0.69,14.17
ID_B7EE6F,White,1363,314,940,0,216,430,0,14,101,6.93,2.27,3.07,69.91,-2.64,-1.59
ID_71A3CB,Paddy,1113,296,231,0,1048,0,63,1,0,9.36,2.87,3.47,61.01,8.34,29.68
ID_1C65CE,Brown,1513,569,736,0,217,1195,20,79,2,7.57,2.14,3.56,67.13,-0.24,11.56
ID_CFEE39,Brown,1443,142,998,0,235,562,35,611,0,6.87,2.1,3.29,63.39,-1.59,10.94
ID_CD0069,Paddy,1210,408,424,0,1184,0,26,0,0,8.66,2.9,3.09,59.76,8.05,30.95
ID_698D51,Brown,1230,648,8,1,176,304,45,701,4,5.47,3.04,1.81,62.47,-1.2,13.61
ID_07A96B,Paddy,1100,250,233,0,1074,0,26,0,0,9.23,2.76,3.48,59.82,9.51,31.76
ID_A5E0FF,White,1564,363,1084,0,70,849,0,4,170,6.92,1.86,3.76,72.31,-2.26,-5.76
ID_1CC363,Brown,1425,205,850,1,393,742,33,257,0,6.92,2.21,3.17,64.04,-0.58,13.44
ID_D93ED5,Paddy,1075,365,206,0,1043,0,28,3,0,9.43,3.06,3.23,60.48,8.39,31.2
ID_8F468C,Paddy,1328,485,442,0,1285,0,42,1,0,8.7,2.86,3.18,61.51,8.02,28.88
ID_D67D8A,Brown,1392,217,628,1,56,1261,8,66,1,6.67,2.38,2.81,67.42,-1.15,8.79
ID_2F29B6,Paddy,1009,206,263,0,1008,0,1,0,0,9.12,3.07,3.08,51.12,15.8,40.44
ID_97E852,Brown,1317,284,831,1,273,968,15,59,2,7.25,2.48,2.95,66.56,0.38,14.44
ID_3DF1D4,Brown,1388,477,688,1,278,1039,14,57,0,7.01,2.54,2.78,66.9,0.59,14.05
ID_5F2C22,Brown,1246,270,837,1,221,985,9,30,1,7.49,2.39,3.16,66.37,0.05,13.12
ID_E077E1,White,2418,1446,614,1,630,705,0,55,244,6.51,1.93,3.41,69.74,-2.59,-2.71
ID_8D3BBA,Paddy,893,205,110,0,841,0,50,0,0,10.03,3.07,3.39,61.71,7.48,29.3
ID_92977A,White,1633,239,785,4,158,403,1,32,331,6.04,2.24,2.72,69.28,-3.11,-5.67
ID_8F121C,Paddy,1083,304,178,0,1045,0,38,0,0,9.59,2.92,3.44,60.67,7.8,30.53
ID_7504AD,White,1406,410,885,1,51,1124,4,5,39,6.66,2.33,2.87,74.31,-2.38,-2.56
ID_0777D5,Paddy,1071,270,179,0,1070,0,1,0,0,9.52,2.87,3.45,56.34,7.29,28.61
ID_8D5E95,Paddy,1264,416,437,0,1259,0,5,0,0,8.63,3.32,2.72,51.88,15.92,42.37
ID_A97DA6,Paddy,1208,381,334,0,1181,0,25,2,0,8.82,3.01,3.11,60.55,7.64,29.79
ID_16E6A3,Brown,1071,102,855,0,94,967,4,6,0,7.27,2.63,2.8,70.32,0.79,12.91
ID_5F93F9,Brown,988,130,737,1,171,756,18,43,0,7.03,2.92,2.41,67,0.25,14.13
ID_814481,Paddy,1129,373,274,0,1099,0,30,0,0,9.02,2.87,3.29,59.75,8.39,31.08
ID_F0E52B,Brown,1350,368,783,1,285,983,16,66,0,7.1,2.4,2.97,65.85,0.33,13.03
ID_A42A59,Paddy,829,121,445,0,810,0,19,0,0,8.54,3.79,2.31,61.69,8.09,30.99
ID_6EA2EF,Paddy,975,210,134,0,944,0,31,0,0,9.89,2.73,3.79,61.01,8.28,31.25
ID_7380AD,Paddy,871,211,153,0,815,0,55,1,0,9.47,3.14,3.1,61.7,6.23,28.36
ID_6D70CB,White,1861,731,959,1,551,334,3,24,392,6.73,2.06,3.3,68.25,-3.26,-3.33
ID_B1EEC3,Brown,1486,416,660,0,140,1229,24,88,5,6.69,2.55,2.64,66.15,-0.72,10.38
ID_9FD818,Paddy,1018,245,143,0,1004,0,13,1,0,9.64,2.9,3.44,59,8.05,30.6
ID_84438B,Paddy,1114,297,209,0,1057,0,56,1,0,9.25,3.04,3.14,61.65,6.76,29.56
ID_A53240,White,1524,357,987,1,212,420,1,12,210,6.71,2.16,3.13,68.95,-3.09,-2.67
ID_1E056D,White,1729,760,791,1,124,1194,2,36,154,6.63,2.25,2.96,74.25,-2.06,-6.72
ID_0336DC,White,1964,833,831,5,259,559,3,59,227,6.43,2.01,3.25,69.18,-2.59,-2.3
ID_D7322E,Brown,1967,953,667,2,476,1486,4,1,0,6.78,2.34,2.93,74.49,1.81,16.44
ID_C8FBBC,Paddy,1019,217,203,0,1013,1,5,0,0,9.4,3.01,3.27,54.51,13.94,38.74
ID_74071A,Brown,1405,390,832,0,586,237,31,551,0,7.08,2.24,3.19,60.88,-0.71,12.15
ID_EC5AA0,Brown,1406,348,635,3,698,576,23,109,0,6.76,2.4,2.86,63.27,0.02,15.29
ID_2A50E9,Brown,1039,180,788,1,177,747,7,108,0,7.78,2.64,2.97,66.86,-0.46,13.75
ID_274AD4,Paddy,1294,402,794,0,1291,0,1,2,0,7.91,3.05,2.65,54.7,7.35,30.03
ID_7810CC,Paddy,1276,388,459,0,1256,0,19,1,0,8.67,2.77,3.21,60.07,7.82,30.42
ID_1728EF,Brown,1279,209,903,0,200,925,19,135,0,7.23,2.37,3.07,64.7,-0.45,12.94
ID_17E621,Brown,1351,407,789,1,1320,9,22,0,0,7.32,2.56,2.88,42.4,14.96,22.44
ID_E46DE7,Paddy,1334,427,492,0,1294,0,32,7,0,8.64,2.75,3.28,60.79,6.06,28.4
ID_42E7AA,Paddy,953,284,248,0,896,0,57,0,0,8.96,3.24,2.88,60.79,8.49,29.78
ID_AFD483,White,1735,615,576,2,123,1534,2,11,5,6.01,2.41,2.51,78.84,-1.88,-0.57
ID_0CE2FF,Brown,1340,398,735,0,272,996,34,37,1,7.09,2.48,2.87,65.85,0.51,13.11
ID_EDA80A,Brown,1145,91,872,0,87,927,24,107,0,7.08,2.54,2.8,65.06,-0.95,11.97
ID_C2626D,White,2318,1284,764,3,544,1718,2,8,12,6.25,2.15,2.93,80.92,-1.81,3.95
ID_E7B24B,Paddy,1394,726,277,0,1334,0,51,7,0,8.87,3.15,3.02,60.55,7.86,28.8
ID_07563A,White,1657,451,613,4,84,522,0,9,435,6.11,2.09,2.95,69.67,-2.96,-5.4
ID_E5E63D,Paddy,1116,296,687,0,1072,0,42,2,0,8.25,3.28,2.58,60.19,8.9,32.19
ID_F38762,Brown,1201,240,711,1,462,576,15,148,0,7.08,2.45,2.92,64.32,0.04,14.68
ID_00EC53,Paddy,967,197,168,0,961,0,6,0,0,9.37,2.72,3.55,57.76,7.99,32.03
ID_E034FB,White,1208,234,794,0,27,573,0,6,169,6.75,2.38,2.85,72.57,-2.12,-6.4
ID_7F24D2,White,1847,167,246,0,517,179,1,171,11,5.61,2.05,2.75,66.37,-3.1,1.58
ID_BEED13,White,1628,297,1017,1,74,396,1,3,739,6.27,2.14,2.95,68.87,-2.84,-6.43
ID_428FCA,Brown,1448,354,952,0,297,824,30,296,1,7.24,2.18,3.33,64.16,-0.44,11.76
ID_2BA596,Paddy,1090,273,244,0,1038,0,50,2,0,9.23,2.95,3.25,61.24,7.9,30.93
ID_F4573F,Paddy,1039,253,214,0,1033,0,3,0,0,9.39,3.03,3.24,50.64,14.73,36.39
ID_2B38C2,Brown,1326,128,57,0,368,677,65,215,1,6,2.6,2.32,63.3,0,14.53
ID_3A029F,Paddy,1163,285,166,0,1162,0,1,0,0,9.66,2.65,3.91,50.79,13.46,35.99
ID_EDDEA8,White,2032,955,416,2,166,369,2,23,522,5.86,2.09,2.82,69.25,-2.26,-4.6
ID_6B1800,White,1903,888,696,0,75,965,2,14,111,6.21,2.16,2.91,72.12,-1.97,-3.16
ID_A9A665,Paddy,938,389,229,0,921,0,17,0,0,8.8,3.12,3.02,51.63,14.23,35.99
ID_9F6140,Brown,1023,222,616,2,230,784,2,7,0,7.03,2.86,2.47,70.19,0.85,14.32
ID_F9BE31,White,1972,714,35,23,1332,149,41,53,3,5.35,2.42,2.22,64.07,0.55,2.97
ID_FE131D,Brown,1408,368,882,0,156,1111,14,127,0,7.13,2.28,3.15,65.26,-0.77,11.08
ID_A9078E,Paddy,1029,207,317,0,982,0,43,4,0,8.98,3.01,3.05,61.9,8.42,30.93
ID_1C1D4D,Paddy,1062,446,213,0,936,0,123,3,0,9.06,3.14,3.05,62.01,7.51,29.49
ID_AE5E3C,White,2705,1872,430,1,270,1042,3,31,610,5.96,2.01,3,70.98,-2.12,-6.09
ID_839AB4,Brown,1086,174,816,1,198,867,6,14,1,7.5,2.59,2.91,68.06,0.63,14.59
ID_CFECDB,Brown,1680,437,11,0,1679,0,1,0,0,5.69,2.47,2.32,31.09,21.4,24.32
ID_50905D,White,1949,980,710,3,277,458,1,86,104,6.6,2,3.35,69.76,-2.27,-1.02
ID_DF7F28,Brown,1266,249,879,2,552,189,54,471,0,7.3,2.3,3.21,60.85,-0.65,14.3
ID_CF004F,Paddy,1124,291,376,0,1119,0,3,0,0,8.85,3.05,3,50.37,16.11,38.99
ID_08B255,Brown,1608,674,593,1,182,1294,10,120,2,6.72,2.57,2.63,65.88,-0.73,13.61
ID_6F4922,Brown,1603,550,890,0,510,744,50,299,0,7.21,2.2,3.3,63.2,-0.29,13.42
ID_7F1171,Brown,1723,826,637,0,420,1066,39,197,1,7.15,2.26,3.21,64.78,-0.36,13.81
ID_E995F9,Brown,1277,126,920,1,218,805,12,242,0,6.93,2.36,2.95,64.72,-0.9,12.04
ID_26588E,Brown,1555,458,909,4,542,687,62,263,1,7.54,2.08,3.68,63.11,0.04,13.9
ID_FD2C5E,Paddy,987,239,713,0,975,0,11,1,0,7.45,3.73,2.04,58.89,8.53,32.62
ID_912D2B,Brown,1322,487,702,0,211,1015,22,74,0,7.34,2.49,2.98,66.37,-0.12,12.59
ID_20AEE3,Paddy,1386,556,256,0,1377,0,9,0,0,9.42,2.66,3.83,56.5,9.25,31.9
ID_A66658,Brown,1634,379,958,1,188,1093,31,321,1,7.13,2.13,3.39,64.7,-1.32,11.77
ID_2B24D4,Brown,1465,596,555,1,641,768,13,43,0,6.95,2.52,2.8,66.01,1.07,16.26
ID_B3967A,Paddy,1364,418,463,0,1330,0,34,0,0,8.75,2.77,3.32,61.97,7.36,28.81
ID_F74909,White,1339,123,1117,0,41,383,0,9,108,6.69,2.15,3.14,69.56,-2.51,-2.23
ID_3A835D,Brown,1681,807,644,0,343,1202,21,114,1,6.91,2.39,2.91,65.15,-0.29,11.7
ID_D6C651,Brown,1207,300,687,2,387,714,7,99,0,7.14,2.58,2.8,65.46,0.33,14.7
ID_E94550,Brown,1717,731,773,0,161,1183,46,325,2,7.22,2.08,3.5,64.66,-1.64,9.49
ID_DC5689,White,2010,1295,496,2,79,1432,1,7,148,6.36,2.21,2.91,74.9,-2.18,-3.66
ID_861398,Paddy,1147,353,307,0,1091,0,55,1,0,9.04,3.1,3.06,61.75,8.06,30.53
ID_8E82AB,Brown,1399,458,800,0,1374,5,13,6,1,7.3,2.55,2.88,41.39,15.02,22.4
ID_7F39F8,Brown,1103,185,813,0,178,906,7,12,0,7.31,2.66,2.76,67.81,0.49,13.3
ID_6F3EF7,White,2156,1295,595,3,151,1488,4,17,216,6.36,2.18,2.94,73.48,-2.19,-5.7
ID_9C3B18,White,1569,318,1145,0,428,170,2,27,315,6.69,1.99,3.38,66.24,-4.06,-2.2
ID_01386B,Paddy,1133,290,386,0,1113,0,20,0,0,8.79,2.87,3.17,59.85,9.3,31.38
ID_043C3D,Brown,1723,462,853,0,272,1094,42,314,1,6.85,2.11,3.3,64.33,-0.91,12.8
ID_8DD48D,Paddy,923,201,151,0,908,0,14,1,0,9.5,2.91,3.37,58.87,6.79,29.79
ID_72B32A,Brown,1313,199,892,0,103,1053,13,144,0,7.02,2.38,2.96,65.91,-1.09,11.71
ID_0EEC27,Brown,1447,292,1042,0,245,1131,14,56,1,7.5,2.03,3.72,67.01,0.25,12.08
ID_158F30,Brown,1445,149,792,0,380,550,44,470,1,6.69,2.29,2.94,61.46,0.6,13.88
ID_6ECBDD,Paddy,1334,451,419,0,1320,0,13,1,0,8.7,2.9,3.11,58.53,8.34,31.21
ID_51D92B,Brown,1362,254,892,0,103,1112,18,128,1,7.02,2.32,3.05,66.2,-0.83,10.09
ID_E4BB4C,Brown,1178,166,922,0,175,687,19,296,1,7.38,2.28,3.25,63.87,-1.6,11.91
ID_C5FF25,White,2566,1957,324,6,238,1707,2,25,98,6,2.26,2.7,74.81,-2.17,-1.82
ID_298F95,Paddy,971,231,173,0,968,0,2,1,0,9.32,3.13,3.09,51.34,15.71,41.99
ID_821FA7,Paddy,1122,260,322,0,1119,0,2,1,0,9.04,3.04,3.05,53.12,13.2,37.38
ID_4C22BD,Paddy,1072,234,322,0,1045,0,26,1,0,9.12,2.84,3.41,59.34,7.82,30.65
ID_E17184,Brown,1216,215,818,0,174,930,24,87,1,7.18,2.58,2.79,65.9,-0.2,12.98
ID_3A15C7,Paddy,1128,257,305,0,1120,0,7,1,0,8.98,2.91,3.17,59.44,7.52,30.6
ID_EED5AF,White,1594,489,968,0,36,481,0,2,759,6.57,2.14,3.08,70.15,-2.4,-10.69
ID_A96B65,White,1358,467,718,1,55,496,0,20,124,6.63,2.47,2.7,72.68,-1.92,-4.24
ID_D1F491,Brown,954,58,858,0,143,557,24,228,2,7.6,2.59,2.94,63.82,-0.71,13.43
ID_CD758E,White,1529,581,818,0,114,784,1,6,423,6.85,2.31,2.98,72.83,-2.05,-7.1
ID_B2F627,Paddy,1087,242,168,0,1059,0,28,0,0,9.49,2.87,3.4,60.39,8.39,31.07
ID_C22ABF,Brown,1155,290,743,0,142,995,5,12,1,7.28,2.62,2.8,68.1,0.52,13.7
ID_65B9EE,White,1657,387,669,3,122,675,0,14,178,6.02,2.24,2.72,70.19,-2.89,-3.43
ID_3988C7,White,1451,210,1067,0,96,333,1,8,495,6.67,2.08,3.22,68.88,-3.06,-5.98
ID_89F0FD,Brown,1112,113,729,0,123,948,6,34,1,6.95,2.6,2.69,66.52,0.3,13.85
ID_2AB564,Paddy,802,79,192,0,798,0,3,1,0,9.26,3.44,2.73,56.17,13.12,37.84
ID_E8C065,Brown,1198,315,757,0,155,944,18,80,1,7.24,2.65,2.74,66.07,-0.42,12.47
ID_D2ED45,White,2909,2436,231,1,192,1255,7,74,542,5.96,2.21,2.72,72.1,-2.15,-5.01
ID_FAE0B2,Paddy,864,152,129,0,828,0,35,1,0,9.67,3.18,3.16,61.07,8.21,31
ID_B73DFE,Paddy,1232,359,382,0,1221,0,11,0,0,8.77,2.76,3.28,56.91,9.5,31.71
ID_C86A7E,Paddy,1137,350,219,0,1103,0,30,4,0,9.33,2.86,3.39,60.87,7.28,29.56
ID_BEB22F,Paddy,1089,300,287,0,1050,0,37,2,0,9.1,3.11,3.05,61.5,8.52,31.36
ID_36660E,White,1719,909,601,3,46,868,4,26,110,6.51,2.36,2.78,72.31,-2.13,-2.88
ID_F2FC99,Paddy,1155,376,238,0,1147,0,8,0,0,9.33,2.79,3.76,50.88,15.2,39.75
ID_43DD49,Brown,1444,188,796,0,350,508,63,523,0,6.77,2.2,3.1,62.46,-0.76,12.56
ID_160C88,Paddy,1013,419,420,0,965,0,44,4,0,7.67,3.64,2.25,59.52,8.62,32.65
ID_15D4E8,Paddy,1098,399,252,0,1007,0,91,0,0,8.93,2.84,3.35,59.76,9.37,31.79
ID_021BBC,Paddy,1306,461,238,0,1284,0,22,0,0,9.62,2.59,3.96,58.55,6.92,28.19
ID_58238E,White,1440,293,1009,0,113,452,0,26,80,6.55,2.26,2.91,70.39,-2.14,-1.82
ID_D296C1,White,1378,331,891,0,65,484,2,26,203,6.71,2.32,2.9,72.04,-2.13,-4.23
ID_4122CB,Paddy,1078,357,226,0,1047,0,31,0,0,9.21,3.19,2.97,60.88,8.34,31.08
ID_E515DF,Brown,1132,203,739,1,293,822,4,13,0,7.15,2.64,2.73,66.7,0.86,13.32
ID_0D0FD7,White,2099,1003,835,1,276,786,3,78,63,6.53,2.03,3.24,70.84,-2.06,-1.3
ID_2F885D,Brown,1583,720,502,1,228,1194,23,135,3,6.75,2.41,2.82,66.1,-0.31,11.03
ID_42E77B,White,1464,547,677,1,593,277,10,184,1,6.58,2.32,2.87,67.82,-0.55,2.6
ID_1AA48F,Paddy,1133,276,544,0,1113,0,18,2,0,8.65,2.8,3.2,59.16,7.21,30.12
ID_5878A7,White,1773,792,733,6,1383,140,75,59,0,6.54,2.39,2.77,64.41,2.38,6.26
ID_9B698E,Paddy,1010,208,158,0,984,0,26,0,0,9.4,3.06,3.15,61.13,7.7,30.9
ID_2290A7,Brown,1471,293,997,1,353,418,31,668,1,7.19,2.13,3.41,62.69,-1.59,13.14
ID_3BF55B,Brown,1124,150,891,0,401,631,19,73,0,7.49,2.47,3.05,64.75,0.09,14.06
ID_CA9C26,Brown,1650,890,470,1,141,1458,9,33,9,6.73,2.4,2.82,67.62,-0.7,9.47
ID_A0872C,Paddy,1339,458,351,0,1325,0,14,0,0,8.88,2.89,3.22,59.16,8.26,31.08
ID_460726,Paddy,1159,403,457,0,1138,0,21,0,0,8.55,3.01,2.97,58.89,9.03,32.13
ID_39461A,Brown,1357,267,946,1,322,438,45,551,1,7.21,2.26,3.22,62.31,-1.02,12.44
ID_053116,White,1646,515,868,0,215,760,6,27,90,6.48,2.23,2.92,72.38,-2,-1.6
ID_A0A080,Brown,1428,308,876,0,164,803,38,420,3,7.02,2.22,3.17,64.22,-1.35,11
ID_6DA900,Brown,1364,360,861,1,148,1169,6,39,2,7.25,2.36,3.1,68.11,-0.11,13.09
ID_C042F4,White,2049,960,816,1,338,583,6,41,234,6.67,1.9,3.53,69.51,-2.88,-2.83
ID_FB2FCD,Paddy,1023,199,268,0,991,0,29,3,0,9.13,3.12,3.03,61.27,7.95,30.3
ID_B59C67,Paddy,1165,379,237,0,1138,0,27,0,0,9.44,2.82,3.58,58.91,8.35,31.48
ID_0F2C9A,White,1302,334,755,2,38,1161,0,2,16,6.8,2.4,2.84,75.33,-2.2,-4.04
ID_E2230B,White,2045,939,721,0,64,1309,0,8,304,6.16,1.98,3.13,73.98,-1.87,-7.35
ID_F7E6C8,Paddy,1186,386,292,0,1141,0,45,0,0,9.05,3.12,3.07,60.43,8.89,32
ID_8248A9,White,1708,801,685,1,103,1113,2,44,82,6.52,2.36,2.78,73.55,-2.23,-3.63
ID_7F6FFA,Paddy,1090,347,220,0,1078,0,11,1,0,9.28,2.97,3.31,58.85,7.93,30.17
ID_0C048B,White,1409,370,836,3,87,700,0,14,207,6.68,2.34,2.89,72.03,-2.61,-4.42
ID_B86E8D,Brown,1298,150,980,0,243,791,23,241,0,7.44,2.2,3.42,63.96,-0.96,12.08
ID_877A9B,Brown,1103,204,755,1,256,765,10,72,0,7.39,2.49,2.99,65.65,-0.14,12.89
ID_26657D,Brown,1305,408,744,0,139,1120,5,40,1,7.26,2.47,2.95,69.22,0.25,12.8
ID_6ACA97,Brown,1541,725,554,3,208,1306,7,20,0,6.91,2.57,2.72,67.89,0.55,13.2
ID_D86EA6,Brown,1224,119,948,1,172,731,25,296,0,7.1,2.32,3.09,64.56,-1.08,11.34